room_id,room_type,timetable
NLC001,Normal lecture classrooms,"[['CSE Y3 B  ,  Management and Economics', 'CSE Y3 B  ,  Operating Systems (CSE Y3)', 'CSE Y3 B  ,  Environmental Studies', 'CSE Y3 A  ,  Environmental Studies', 'CSE Y3 A  ,  Probability and Statistics', 'CSE Y3 B  ,  Algorithms (CSE Y3)', 'CSE Y3 B  ,  Probability and Statistics'], ['CSE Y3 B  ,  Management and Economics', 'CSE Y3 B  ,  Operating Systems (CSE Y3)', 'CSE Y3 B  ,  Environmental Studies', 'CSE Y3 A  ,  Environmental Studies', 'CSE Y3 A  ,  Probability and Statistics', 'CSE Y3 B  ,  Algorithms (CSE Y3)', 'CSE Y3 B  ,  Probability and Statistics'], ['CSE Y3 B  ,  Management and Economics', 'CSE Y3 B  ,  Operating Systems (CSE Y3)', 'CSE Y3 B  ,  Environmental Studies', 'CSE Y3 A  ,  Environmental Studies', 'CSE Y3 A  ,  Probability and Statistics', 'CSE Y3 B  ,  Algorithms (CSE Y3)', 'CSE Y3 B  ,  Probability and Statistics'], ['CSE Y3 B  ,  Management and Economics', 'CSE Y3 B  ,  Operating Systems (CSE Y3)', 'CSE Y3 B  ,  Environmental Studies', 'CSE Y3 A  ,  Environmental Studies', 'CSE Y3 A  ,  Probability and Statistics', 'CSE Y3 B  ,  Algorithms (CSE Y3)', 'CSE Y3 B  ,  Probability and Statistics'], ['CSE Y3 B  ,  Management and Economics', 'CSE Y3 B  ,  Operating Systems (CSE Y3)', 'CSE Y3 B  ,  Environmental Studies', 'CSE Y3 A  ,  Environmental Studies', 'CSE Y3 A  ,  Probability and Statistics', 'CSE Y3 B  ,  Algorithms (CSE Y3)', 'CSE Y3 B  ,  Probability and Statistics'], ['CSE Y3 B  ,  Management and Economics', 'CSE Y3 B  ,  Operating Systems (CSE Y3)', 'CSE Y3 B  ,  Environmental Studies', 'CSE Y3 A  ,  Environmental Studies', 'CSE Y3 A  ,  Probability and Statistics', 'CSE Y3 B  ,  Algorithms (CSE Y3)', 'CSE Y3 B  ,  Probability and Statistics']]"
NLC002,Normal lecture classrooms,"[['CSE Y3 A  ,  Operating Systems (CSE Y3)', 'CSE Y3 A  ,  Management and Economics', 'CSE Y3 A  ,  Algorithms (CSE Y3)', 'IT Y2 B  ,  Engineering Mechanics', 'IT Y2 B  ,  Engineering Chemistry (Theory)', 'IT Y2 A  ,  Web Technologies (IT Y2)', 'IT Y2 A  ,  Engineering Chemistry (Theory)'], ['CSE Y3 A  ,  Operating Systems (CSE Y3)', 'CSE Y3 A  ,  Management and Economics', 'CSE Y3 A  ,  Algorithms (CSE Y3)', 'IT Y2 B  ,  Engineering Mechanics', 'IT Y2 B  ,  Engineering Chemistry (Theory)', 'IT Y2 A  ,  Web Technologies (IT Y2)', 'IT Y2 A  ,  Engineering Chemistry (Theory)'], ['CSE Y3 A  ,  Operating Systems (CSE Y3)', 'CSE Y3 A  ,  Management and Economics', 'CSE Y3 A  ,  Algorithms (CSE Y3)', 'IT Y2 B  ,  Engineering Mechanics', 'IT Y2 B  ,  Engineering Chemistry (Theory)', 'IT Y2 A  ,  Web Technologies (IT Y2)', 'IT Y2 A  ,  Engineering Chemistry (Theory)'], ['CSE Y3 A  ,  Operating Systems (CSE Y3)', 'CSE Y3 A  ,  Management and Economics', 'CSE Y3 A  ,  Algorithms (CSE Y3)', 'IT Y2 B  ,  Engineering Mechanics', 'IT Y2 B  ,  Engineering Chemistry (Theory)', 'IT Y2 A  ,  Web Technologies (IT Y2)', 'IT Y2 A  ,  Engineering Chemistry (Theory)'], ['CSE Y3 A  ,  Operating Systems (CSE Y3)', 'CSE Y3 A  ,  Management and Economics', 'CSE Y3 A  ,  Algorithms (CSE Y3)', 'IT Y2 B  ,  Engineering Mechanics', 'IT Y2 B  ,  Engineering Chemistry (Theory)', 'IT Y2 A  ,  Web Technologies (IT Y2)', 'IT Y2 A  ,  Engineering Chemistry (Theory)'], ['CSE Y3 A  ,  Operating Systems (CSE Y3)', 'CSE Y3 A  ,  Management and Economics', 'CSE Y3 A  ,  Algorithms (CSE Y3)', 'IT Y2 B  ,  Engineering Mechanics', 'IT Y2 B  ,  Engineering Chemistry (Theory)', 'IT Y2 A  ,  Web Technologies (IT Y2)', 'IT Y2 A  ,  Engineering Chemistry (Theory)']]"
NLC003,Normal lecture classrooms,"[['IT Y2 A  ,  Database Systems (IT Y2)', 'IT Y2 A  ,  Engineering Mathematics II', 'IT Y2 A  ,  Engineering Mechanics', 'ECE Y4 B  ,  Engineering Ethics & Professional Practice', 'ECE Y4 B  ,  Communication Systems (ECE Y4)', 'ECE Y4 A  ,  Communication Systems (ECE Y4)', 'EE Y4 A  ,  Engineering Ethics & Professional Practice'], ['IT Y2 A  ,  Database Systems (IT Y2)', 'IT Y2 A  ,  Engineering Mathematics II', 'IT Y2 A  ,  Engineering Mechanics', 'ECE Y4 B  ,  Engineering Ethics & Professional Practice', 'ECE Y4 B  ,  Communication Systems (ECE Y4)', 'ECE Y4 A  ,  Communication Systems (ECE Y4)', 'EE Y4 A  ,  Engineering Ethics & Professional Practice'], ['IT Y2 A  ,  Database Systems (IT Y2)', 'IT Y2 A  ,  Engineering Mathematics II', 'IT Y2 A  ,  Engineering Mechanics', 'ECE Y4 B  ,  Engineering Ethics & Professional Practice', 'ECE Y4 B  ,  Communication Systems (ECE Y4)', 'ECE Y4 A  ,  Communication Systems (ECE Y4)', 'EE Y4 A  ,  Engineering Ethics & Professional Practice'], ['IT Y2 A  ,  Database Systems (IT Y2)', 'IT Y2 A  ,  Engineering Mathematics II', 'IT Y2 A  ,  Engineering Mechanics', 'ECE Y4 B  ,  Engineering Ethics & Professional Practice', 'ECE Y4 B  ,  Communication Systems (ECE Y4)', 'ECE Y4 A  ,  Communication Systems (ECE Y4)', 'EE Y4 A  ,  Engineering Ethics & Professional Practice'], ['IT Y2 A  ,  Database Systems (IT Y2)', 'IT Y2 A  ,  Engineering Mathematics II', 'IT Y2 A  ,  Engineering Mechanics', 'ECE Y4 B  ,  Engineering Ethics & Professional Practice', 'ECE Y4 B  ,  Communication Systems (ECE Y4)', 'ECE Y4 A  ,  Communication Systems (ECE Y4)', 'EE Y4 A  ,  Engineering Ethics & Professional Practice'], ['IT Y2 A  ,  Database Systems (IT Y2)', 'IT Y2 A  ,  Engineering Mathematics II', 'IT Y2 A  ,  Engineering Mechanics', 'ECE Y4 B  ,  Engineering Ethics & Professional Practice', 'ECE Y4 B  ,  Communication Systems (ECE Y4)', 'ECE Y4 A  ,  Communication Systems (ECE Y4)', 'EE Y4 A  ,  Engineering Ethics & Professional Practice']]"
NLC004,Normal lecture classrooms,"[['IT Y2 B  ,  Engineering Mathematics II', 'IT Y2 B  ,  Database Systems (IT Y2)', 'IT Y2 B  ,  Web Technologies (IT Y2)', 'ECE Y4 A  ,  Research Methodology', 'ECE Y1 B  ,  Circuit Theory (ECE Y1)', 'ECE Y1 A  ,  Circuit Theory (ECE Y1)', 'EE Y1 A  ,  Engineering Mathematics I'], ['IT Y2 B  ,  Engineering Mathematics II', 'IT Y2 B  ,  Database Systems (IT Y2)', 'IT Y2 B  ,  Web Technologies (IT Y2)', 'ECE Y4 A  ,  Research Methodology', 'ECE Y1 B  ,  Circuit Theory (ECE Y1)', 'ECE Y1 A  ,  Circuit Theory (ECE Y1)', 'EE Y1 A  ,  Engineering Mathematics I'], ['IT Y2 B  ,  Engineering Mathematics II', 'IT Y2 B  ,  Database Systems (IT Y2)', 'IT Y2 B  ,  Web Technologies (IT Y2)', 'ECE Y4 A  ,  Research Methodology', 'ECE Y1 B  ,  Circuit Theory (ECE Y1)', 'ECE Y1 A  ,  Circuit Theory (ECE Y1)', 'EE Y1 A  ,  Engineering Mathematics I'], ['IT Y2 B  ,  Engineering Mathematics II', 'IT Y2 B  ,  Database Systems (IT Y2)', 'IT Y2 B  ,  Web Technologies (IT Y2)', 'ECE Y4 A  ,  Research Methodology', 'ECE Y1 B  ,  Circuit Theory (ECE Y1)', 'ECE Y1 A  ,  Circuit Theory (ECE Y1)', 'EE Y1 A  ,  Engineering Mathematics I'], ['IT Y2 B  ,  Engineering Mathematics II', 'IT Y2 B  ,  Database Systems (IT Y2)', 'IT Y2 B  ,  Web Technologies (IT Y2)', 'ECE Y4 A  ,  Research Methodology', 'ECE Y1 B  ,  Circuit Theory (ECE Y1)', 'ECE Y1 A  ,  Circuit Theory (ECE Y1)', 'EE Y1 A  ,  Engineering Mathematics I'], ['IT Y2 B  ,  Engineering Mathematics II', 'IT Y2 B  ,  Database Systems (IT Y2)', 'IT Y2 B  ,  Web Technologies (IT Y2)', 'ECE Y4 A  ,  Research Methodology', 'ECE Y1 B  ,  Circuit Theory (ECE Y1)', 'ECE Y1 A  ,  Circuit Theory (ECE Y1)', 'EE Y1 A  ,  Engineering Mathematics I']]"
NLC005,Normal lecture classrooms,"[['ECE Y4 B  ,  Circuit Theory (ECE Y4)', 'ECE Y4 B  ,  Project Management', 'ECE Y4 B  ,  Research Methodology', 'ECE Y1 B  ,  Engineering Mathematics I', 'IT Y3 B  ,  Management and Economics', 'EE Y3 B  ,  Power Systems (EE Y3)', 'CSE Y2 B  ,  Engineering Mechanics'], ['ECE Y4 B  ,  Circuit Theory (ECE Y4)', 'ECE Y4 B  ,  Project Management', 'ECE Y4 B  ,  Research Methodology', 'ECE Y1 B  ,  Engineering Mathematics I', 'IT Y3 B  ,  Management and Economics', 'EE Y3 B  ,  Power Systems (EE Y3)', 'CSE Y2 B  ,  Engineering Mechanics'], ['ECE Y4 B  ,  Circuit Theory (ECE Y4)', 'ECE Y4 B  ,  Project Management', 'ECE Y4 B  ,  Research Methodology', 'ECE Y1 B  ,  Engineering Mathematics I', 'IT Y3 B  ,  Management and Economics', 'EE Y3 B  ,  Power Systems (EE Y3)', 'CSE Y2 B  ,  Engineering Mechanics'], ['ECE Y4 B  ,  Circuit Theory (ECE Y4)', 'ECE Y4 B  ,  Project Management', 'ECE Y4 B  ,  Research Methodology', 'ECE Y1 B  ,  Engineering Mathematics I', 'IT Y3 B  ,  Management and Economics', 'EE Y3 B  ,  Power Systems (EE Y3)', 'CSE Y2 B  ,  Engineering Mechanics'], ['ECE Y4 B  ,  Circuit Theory (ECE Y4)', 'ECE Y4 B  ,  Project Management', 'ECE Y4 B  ,  Research Methodology', 'ECE Y1 B  ,  Engineering Mathematics I', 'IT Y3 B  ,  Management and Economics', 'EE Y3 B  ,  Power Systems (EE Y3)', 'CSE Y2 B  ,  Engineering Mechanics'], ['ECE Y4 B  ,  Circuit Theory (ECE Y4)', 'ECE Y4 B  ,  Project Management', 'ECE Y4 B  ,  Research Methodology', 'ECE Y1 B  ,  Engineering Mathematics I', 'IT Y3 B  ,  Management and Economics', 'EE Y3 B  ,  Power Systems (EE Y3)', 'CSE Y2 B  ,  Engineering Mechanics']]"
NLC006,Normal lecture classrooms,"[['ECE Y4 A  ,  Project Management', 'ECE Y4 A  ,  Circuit Theory (ECE Y4)', 'ECE Y4 A  ,  Engineering Ethics & Professional Practice', 'ECE Y1 A  ,  Basic Electrical Engineering (Theory)', 'IT Y3 A  ,  Environmental Studies', 'EE Y3 A  ,  Probability and Statistics', 'IT Y4 B  ,  Research Methodology'], ['ECE Y4 A  ,  Project Management', 'ECE Y4 A  ,  Circuit Theory (ECE Y4)', 'ECE Y4 A  ,  Engineering Ethics & Professional Practice', 'ECE Y1 A  ,  Basic Electrical Engineering (Theory)', 'IT Y3 A  ,  Environmental Studies', 'EE Y3 A  ,  Probability and Statistics', 'IT Y4 B  ,  Research Methodology'], ['ECE Y4 A  ,  Project Management', 'ECE Y4 A  ,  Circuit Theory (ECE Y4)', 'ECE Y4 A  ,  Engineering Ethics & Professional Practice', 'ECE Y1 A  ,  Basic Electrical Engineering (Theory)', 'IT Y3 A  ,  Environmental Studies', 'EE Y3 A  ,  Probability and Statistics', 'IT Y4 B  ,  Research Methodology'], ['ECE Y4 A  ,  Project Management', 'ECE Y4 A  ,  Circuit Theory (ECE Y4)', 'ECE Y4 A  ,  Engineering Ethics & Professional Practice', 'ECE Y1 A  ,  Basic Electrical Engineering (Theory)', 'IT Y3 A  ,  Environmental Studies', 'EE Y3 A  ,  Probability and Statistics', 'IT Y4 B  ,  Research Methodology'], ['ECE Y4 A  ,  Project Management', 'ECE Y4 A  ,  Circuit Theory (ECE Y4)', 'ECE Y4 A  ,  Engineering Ethics & Professional Practice', 'ECE Y1 A  ,  Basic Electrical Engineering (Theory)', 'IT Y3 A  ,  Environmental Studies', 'EE Y3 A  ,  Probability and Statistics', 'IT Y4 B  ,  Research Methodology'], ['ECE Y4 A  ,  Project Management', 'ECE Y4 A  ,  Circuit Theory (ECE Y4)', 'ECE Y4 A  ,  Engineering Ethics & Professional Practice', 'ECE Y1 A  ,  Basic Electrical Engineering (Theory)', 'IT Y3 A  ,  Environmental Studies', 'EE Y3 A  ,  Probability and Statistics', 'IT Y4 B  ,  Research Methodology']]"
NLC007,Normal lecture classrooms,"[['ECE Y1 B  ,  Electronic Devices (ECE Y1)', 'ECE Y1 B  ,  Engineering Physics (Theory)', 'ECE Y1 B  ,  Basic Electrical Engineering (Theory)', 'EE Y3 A  ,  Management and Economics', 'CSE Y4 A  ,  Engineering Ethics & Professional Practice', 'IT Y3 B  ,  Environmental Studies', 'IT Y4 A  ,  Project Management'], ['ECE Y1 B  ,  Electronic Devices (ECE Y1)', 'ECE Y1 B  ,  Engineering Physics (Theory)', 'ECE Y1 B  ,  Basic Electrical Engineering (Theory)', 'EE Y3 A  ,  Management and Economics', 'CSE Y4 A  ,  Engineering Ethics & Professional Practice', 'IT Y3 B  ,  Environmental Studies', 'IT Y4 A  ,  Project Management'], ['ECE Y1 B  ,  Electronic Devices (ECE Y1)', 'ECE Y1 B  ,  Engineering Physics (Theory)', 'ECE Y1 B  ,  Basic Electrical Engineering (Theory)', 'EE Y3 A  ,  Management and Economics', 'CSE Y4 A  ,  Engineering Ethics & Professional Practice', 'IT Y3 B  ,  Environmental Studies', 'IT Y4 A  ,  Project Management'], ['ECE Y1 B  ,  Electronic Devices (ECE Y1)', 'ECE Y1 B  ,  Engineering Physics (Theory)', 'ECE Y1 B  ,  Basic Electrical Engineering (Theory)', 'EE Y3 A  ,  Management and Economics', 'CSE Y4 A  ,  Engineering Ethics & Professional Practice', 'IT Y3 B  ,  Environmental Studies', 'IT Y4 A  ,  Project Management'], ['ECE Y1 B  ,  Electronic Devices (ECE Y1)', 'ECE Y1 B  ,  Engineering Physics (Theory)', 'ECE Y1 B  ,  Basic Electrical Engineering (Theory)', 'EE Y3 A  ,  Management and Economics', 'CSE Y4 A  ,  Engineering Ethics & Professional Practice', 'IT Y3 B  ,  Environmental Studies', 'IT Y4 A  ,  Project Management'], ['ECE Y1 B  ,  Electronic Devices (ECE Y1)', 'ECE Y1 B  ,  Engineering Physics (Theory)', 'ECE Y1 B  ,  Basic Electrical Engineering (Theory)', 'EE Y3 A  ,  Management and Economics', 'CSE Y4 A  ,  Engineering Ethics & Professional Practice', 'IT Y3 B  ,  Environmental Studies', 'IT Y4 A  ,  Project Management']]"
NLC008,Normal lecture classrooms,"[['ECE Y1 A  ,  Engineering Physics (Theory)', 'ECE Y1 A  ,  Electronic Devices (ECE Y1)', 'ECE Y1 A  ,  Engineering Mathematics I', 'IT Y3 A  ,  Probability and Statistics', 'CSE Y1 A  ,  Engineering Mathematics I', 'IT Y3 A  ,  Management and Economics', 'IT Y1 B  ,  Basic Electrical Engineering (Theory)'], ['ECE Y1 A  ,  Engineering Physics (Theory)', 'ECE Y1 A  ,  Electronic Devices (ECE Y1)', 'ECE Y1 A  ,  Engineering Mathematics I', 'IT Y3 A  ,  Probability and Statistics', 'CSE Y1 A  ,  Engineering Mathematics I', 'IT Y3 A  ,  Management and Economics', 'IT Y1 B  ,  Basic Electrical Engineering (Theory)'], ['ECE Y1 A  ,  Engineering Physics (Theory)', 'ECE Y1 A  ,  Electronic Devices (ECE Y1)', 'ECE Y1 A  ,  Engineering Mathematics I', 'IT Y3 A  ,  Probability and Statistics', 'CSE Y1 A  ,  Engineering Mathematics I', 'IT Y3 A  ,  Management and Economics', 'IT Y1 B  ,  Basic Electrical Engineering (Theory)'], ['ECE Y1 A  ,  Engineering Physics (Theory)', 'ECE Y1 A  ,  Electronic Devices (ECE Y1)', 'ECE Y1 A  ,  Engineering Mathematics I', 'IT Y3 A  ,  Probability and Statistics', 'CSE Y1 A  ,  Engineering Mathematics I', 'IT Y3 A  ,  Management and Economics', 'IT Y1 B  ,  Basic Electrical Engineering (Theory)'], ['ECE Y1 A  ,  Engineering Physics (Theory)', 'ECE Y1 A  ,  Electronic Devices (ECE Y1)', 'ECE Y1 A  ,  Engineering Mathematics I', 'IT Y3 A  ,  Probability and Statistics', 'CSE Y1 A  ,  Engineering Mathematics I', 'IT Y3 A  ,  Management and Economics', 'IT Y1 B  ,  Basic Electrical Engineering (Theory)'], ['ECE Y1 A  ,  Engineering Physics (Theory)', 'ECE Y1 A  ,  Electronic Devices (ECE Y1)', 'ECE Y1 A  ,  Engineering Mathematics I', 'IT Y3 A  ,  Probability and Statistics', 'CSE Y1 A  ,  Engineering Mathematics I', 'IT Y3 A  ,  Management and Economics', 'IT Y1 B  ,  Basic Electrical Engineering (Theory)']]"
NLC009,Normal lecture classrooms,"[['EE Y3 B  ,  Control Systems (EE Y3)', 'EE Y3 B  ,  Environmental Studies', 'EE Y3 B  ,  Management and Economics', 'CSE Y4 A  ,  Programming Fundamentals (CSE Y4)', 'EE Y4 A  ,  Project Management', 'CSE Y4 B  ,  Engineering Ethics & Professional Practice', 'IT Y1 A  ,  Engineering Physics (Theory)'], ['EE Y3 B  ,  Control Systems (EE Y3)', 'EE Y3 B  ,  Environmental Studies', 'EE Y3 B  ,  Management and Economics', 'CSE Y4 A  ,  Programming Fundamentals (CSE Y4)', 'EE Y4 A  ,  Project Management', 'CSE Y4 B  ,  Engineering Ethics & Professional Practice', 'IT Y1 A  ,  Engineering Physics (Theory)'], ['EE Y3 B  ,  Control Systems (EE Y3)', 'EE Y3 B  ,  Environmental Studies', 'EE Y3 B  ,  Management and Economics', 'CSE Y4 A  ,  Programming Fundamentals (CSE Y4)', 'EE Y4 A  ,  Project Management', 'CSE Y4 B  ,  Engineering Ethics & Professional Practice', 'IT Y1 A  ,  Engineering Physics (Theory)'], ['EE Y3 B  ,  Control Systems (EE Y3)', 'EE Y3 B  ,  Environmental Studies', 'EE Y3 B  ,  Management and Economics', 'CSE Y4 A  ,  Programming Fundamentals (CSE Y4)', 'EE Y4 A  ,  Project Management', 'CSE Y4 B  ,  Engineering Ethics & Professional Practice', 'IT Y1 A  ,  Engineering Physics (Theory)'], ['EE Y3 B  ,  Control Systems (EE Y3)', 'EE Y3 B  ,  Environmental Studies', 'EE Y3 B  ,  Management and Economics', 'CSE Y4 A  ,  Programming Fundamentals (CSE Y4)', 'EE Y4 A  ,  Project Management', 'CSE Y4 B  ,  Engineering Ethics & Professional Practice', 'IT Y1 A  ,  Engineering Physics (Theory)'], ['EE Y3 B  ,  Control Systems (EE Y3)', 'EE Y3 B  ,  Environmental Studies', 'EE Y3 B  ,  Management and Economics', 'CSE Y4 A  ,  Programming Fundamentals (CSE Y4)', 'EE Y4 A  ,  Project Management', 'CSE Y4 B  ,  Engineering Ethics & Professional Practice', 'IT Y1 A  ,  Engineering Physics (Theory)']]"
NLC010,Normal lecture classrooms,"[['EE Y3 A  ,  Environmental Studies', 'EE Y3 A  ,  Control Systems (EE Y3)', 'EE Y3 A  ,  Power Systems (EE Y3)', 'CSE Y4 B  ,  Project Management', 'EE Y4 B  ,  Research Methodology', 'CSE Y1 B  ,  Engineering Mathematics I', 'ECE Y3 A  ,  Management and Economics'], ['EE Y3 A  ,  Environmental Studies', 'EE Y3 A  ,  Control Systems (EE Y3)', 'EE Y3 A  ,  Power Systems (EE Y3)', 'CSE Y4 B  ,  Project Management', 'EE Y4 B  ,  Research Methodology', 'CSE Y1 B  ,  Engineering Mathematics I', 'ECE Y3 A  ,  Management and Economics'], ['EE Y3 A  ,  Environmental Studies', 'EE Y3 A  ,  Control Systems (EE Y3)', 'EE Y3 A  ,  Power Systems (EE Y3)', 'CSE Y4 B  ,  Project Management', 'EE Y4 B  ,  Research Methodology', 'CSE Y1 B  ,  Engineering Mathematics I', 'ECE Y3 A  ,  Management and Economics'], ['EE Y3 A  ,  Environmental Studies', 'EE Y3 A  ,  Control Systems (EE Y3)', 'EE Y3 A  ,  Power Systems (EE Y3)', 'CSE Y4 B  ,  Project Management', 'EE Y4 B  ,  Research Methodology', 'CSE Y1 B  ,  Engineering Mathematics I', 'ECE Y3 A  ,  Management and Economics'], ['EE Y3 A  ,  Environmental Studies', 'EE Y3 A  ,  Control Systems (EE Y3)', 'EE Y3 A  ,  Power Systems (EE Y3)', 'CSE Y4 B  ,  Project Management', 'EE Y4 B  ,  Research Methodology', 'CSE Y1 B  ,  Engineering Mathematics I', 'ECE Y3 A  ,  Management and Economics'], ['EE Y3 A  ,  Environmental Studies', 'EE Y3 A  ,  Control Systems (EE Y3)', 'EE Y3 A  ,  Power Systems (EE Y3)', 'CSE Y4 B  ,  Project Management', 'EE Y4 B  ,  Research Methodology', 'CSE Y1 B  ,  Engineering Mathematics I', 'ECE Y3 A  ,  Management and Economics']]"
NLC011,Normal lecture classrooms,"[['IT Y3 B  ,  Database Systems (IT Y3)', 'IT Y3 B  ,  Information Security (IT Y3)', 'IT Y3 B  ,  Probability and Statistics', 'CSE Y1 A  ,  Data Structures (CSE Y1)', 'EE Y1 A  ,  Engineering Physics (Theory)', 'EE Y4 A  ,  Research Methodology', 'ECE Y3 B  ,  Environmental Studies'], ['IT Y3 B  ,  Database Systems (IT Y3)', 'IT Y3 B  ,  Information Security (IT Y3)', 'IT Y3 B  ,  Probability and Statistics', 'CSE Y1 A  ,  Data Structures (CSE Y1)', 'EE Y1 A  ,  Engineering Physics (Theory)', 'EE Y4 A  ,  Research Methodology', 'ECE Y3 B  ,  Environmental Studies'], ['IT Y3 B  ,  Database Systems (IT Y3)', 'IT Y3 B  ,  Information Security (IT Y3)', 'IT Y3 B  ,  Probability and Statistics', 'CSE Y1 A  ,  Data Structures (CSE Y1)', 'EE Y1 A  ,  Engineering Physics (Theory)', 'EE Y4 A  ,  Research Methodology', 'ECE Y3 B  ,  Environmental Studies'], ['IT Y3 B  ,  Database Systems (IT Y3)', 'IT Y3 B  ,  Information Security (IT Y3)', 'IT Y3 B  ,  Probability and Statistics', 'CSE Y1 A  ,  Data Structures (CSE Y1)', 'EE Y1 A  ,  Engineering Physics (Theory)', 'EE Y4 A  ,  Research Methodology', 'ECE Y3 B  ,  Environmental Studies'], ['IT Y3 B  ,  Database Systems (IT Y3)', 'IT Y3 B  ,  Information Security (IT Y3)', 'IT Y3 B  ,  Probability and Statistics', 'CSE Y1 A  ,  Data Structures (CSE Y1)', 'EE Y1 A  ,  Engineering Physics (Theory)', 'EE Y4 A  ,  Research Methodology', 'ECE Y3 B  ,  Environmental Studies'], ['IT Y3 B  ,  Database Systems (IT Y3)', 'IT Y3 B  ,  Information Security (IT Y3)', 'IT Y3 B  ,  Probability and Statistics', 'CSE Y1 A  ,  Data Structures (CSE Y1)', 'EE Y1 A  ,  Engineering Physics (Theory)', 'EE Y4 A  ,  Research Methodology', 'ECE Y3 B  ,  Environmental Studies']]"
NLC012,Normal lecture classrooms,"[['IT Y3 A  ,  Information Security (IT Y3)', 'IT Y3 A  ,  Database Systems (IT Y3)', 'CSE Y4 A  ,  Project Management', 'CSE Y1 B  ,  Engineering Physics (Theory)', 'EE Y1 B  ,  Basic Electrical Engineering (Theory)', 'EE Y4 B  ,  Project Management', 'EE Y2 B  ,  Engineering Mathematics II'], ['IT Y3 A  ,  Information Security (IT Y3)', 'IT Y3 A  ,  Database Systems (IT Y3)', 'CSE Y4 A  ,  Project Management', 'CSE Y1 B  ,  Engineering Physics (Theory)', 'EE Y1 B  ,  Basic Electrical Engineering (Theory)', 'EE Y4 B  ,  Project Management', 'EE Y2 B  ,  Engineering Mathematics II'], ['IT Y3 A  ,  Information Security (IT Y3)', 'IT Y3 A  ,  Database Systems (IT Y3)', 'CSE Y4 A  ,  Project Management', 'CSE Y1 B  ,  Engineering Physics (Theory)', 'EE Y1 B  ,  Basic Electrical Engineering (Theory)', 'EE Y4 B  ,  Project Management', 'EE Y2 B  ,  Engineering Mathematics II'], ['IT Y3 A  ,  Information Security (IT Y3)', 'IT Y3 A  ,  Database Systems (IT Y3)', 'CSE Y4 A  ,  Project Management', 'CSE Y1 B  ,  Engineering Physics (Theory)', 'EE Y1 B  ,  Basic Electrical Engineering (Theory)', 'EE Y4 B  ,  Project Management', 'EE Y2 B  ,  Engineering Mathematics II'], ['IT Y3 A  ,  Information Security (IT Y3)', 'IT Y3 A  ,  Database Systems (IT Y3)', 'CSE Y4 A  ,  Project Management', 'CSE Y1 B  ,  Engineering Physics (Theory)', 'EE Y1 B  ,  Basic Electrical Engineering (Theory)', 'EE Y4 B  ,  Project Management', 'EE Y2 B  ,  Engineering Mathematics II'], ['IT Y3 A  ,  Information Security (IT Y3)', 'IT Y3 A  ,  Database Systems (IT Y3)', 'CSE Y4 A  ,  Project Management', 'CSE Y1 B  ,  Engineering Physics (Theory)', 'EE Y1 B  ,  Basic Electrical Engineering (Theory)', 'EE Y4 B  ,  Project Management', 'EE Y2 B  ,  Engineering Mathematics II']]"
NLC013,Normal lecture classrooms,"[['CSE Y4 A  ,  Research Methodology', 'CSE Y4 A  ,  Operating Systems (CSE Y4)', 'CSE Y4 B  ,  Programming Fundamentals (CSE Y4)', 'ECE Y2 B  ,  Engineering Mathematics II', 'ECE Y2 B  ,  Engineering Mechanics', 'EE Y1 A  ,  Basic Electrical Engineering (Theory)', 'EE Y2 A  ,  Power Systems (EE Y2)'], ['CSE Y4 A  ,  Research Methodology', 'CSE Y4 A  ,  Operating Systems (CSE Y4)', 'CSE Y4 B  ,  Programming Fundamentals (CSE Y4)', 'ECE Y2 B  ,  Engineering Mathematics II', 'ECE Y2 B  ,  Engineering Mechanics', 'EE Y1 A  ,  Basic Electrical Engineering (Theory)', 'EE Y2 A  ,  Power Systems (EE Y2)'], ['CSE Y4 A  ,  Research Methodology', 'CSE Y4 A  ,  Operating Systems (CSE Y4)', 'CSE Y4 B  ,  Programming Fundamentals (CSE Y4)', 'ECE Y2 B  ,  Engineering Mathematics II', 'ECE Y2 B  ,  Engineering Mechanics', 'EE Y1 A  ,  Basic Electrical Engineering (Theory)', 'EE Y2 A  ,  Power Systems (EE Y2)'], ['CSE Y4 A  ,  Research Methodology', 'CSE Y4 A  ,  Operating Systems (CSE Y4)', 'CSE Y4 B  ,  Programming Fundamentals (CSE Y4)', 'ECE Y2 B  ,  Engineering Mathematics II', 'ECE Y2 B  ,  Engineering Mechanics', 'EE Y1 A  ,  Basic Electrical Engineering (Theory)', 'EE Y2 A  ,  Power Systems (EE Y2)'], ['CSE Y4 A  ,  Research Methodology', 'CSE Y4 A  ,  Operating Systems (CSE Y4)', 'CSE Y4 B  ,  Programming Fundamentals (CSE Y4)', 'ECE Y2 B  ,  Engineering Mathematics II', 'ECE Y2 B  ,  Engineering Mechanics', 'EE Y1 A  ,  Basic Electrical Engineering (Theory)', 'EE Y2 A  ,  Power Systems (EE Y2)'], ['CSE Y4 A  ,  Research Methodology', 'CSE Y4 A  ,  Operating Systems (CSE Y4)', 'CSE Y4 B  ,  Programming Fundamentals (CSE Y4)', 'ECE Y2 B  ,  Engineering Mathematics II', 'ECE Y2 B  ,  Engineering Mechanics', 'EE Y1 A  ,  Basic Electrical Engineering (Theory)', 'EE Y2 A  ,  Power Systems (EE Y2)']]"
NLC014,Normal lecture classrooms,"[['CSE Y4 B  ,  Operating Systems (CSE Y4)', 'CSE Y4 B  ,  Research Methodology', 'CSE Y1 A  ,  Engineering Physics (Theory)', 'ECE Y2 A  ,  Signal Processing (ECE Y2)', 'ECE Y2 A  ,  Electronic Devices (ECE Y2)', 'EE Y1 B  ,  Engineering Physics (Theory)', 0], ['CSE Y4 B  ,  Operating Systems (CSE Y4)', 'CSE Y4 B  ,  Research Methodology', 'CSE Y1 A  ,  Engineering Physics (Theory)', 'ECE Y2 A  ,  Signal Processing (ECE Y2)', 'ECE Y2 A  ,  Electronic Devices (ECE Y2)', 'EE Y1 B  ,  Engineering Physics (Theory)', 0], ['CSE Y4 B  ,  Operating Systems (CSE Y4)', 'CSE Y4 B  ,  Research Methodology', 'CSE Y1 A  ,  Engineering Physics (Theory)', 'ECE Y2 A  ,  Signal Processing (ECE Y2)', 'ECE Y2 A  ,  Electronic Devices (ECE Y2)', 'EE Y1 B  ,  Engineering Physics (Theory)', 0], ['CSE Y4 B  ,  Operating Systems (CSE Y4)', 'CSE Y4 B  ,  Research Methodology', 'CSE Y1 A  ,  Engineering Physics (Theory)', 'ECE Y2 A  ,  Signal Processing (ECE Y2)', 'ECE Y2 A  ,  Electronic Devices (ECE Y2)', 'EE Y1 B  ,  Engineering Physics (Theory)', 0], ['CSE Y4 B  ,  Operating Systems (CSE Y4)', 'CSE Y4 B  ,  Research Methodology', 'CSE Y1 A  ,  Engineering Physics (Theory)', 'ECE Y2 A  ,  Signal Processing (ECE Y2)', 'ECE Y2 A  ,  Electronic Devices (ECE Y2)', 'EE Y1 B  ,  Engineering Physics (Theory)', 0], ['CSE Y4 B  ,  Operating Systems (CSE Y4)', 'CSE Y4 B  ,  Research Methodology', 'CSE Y1 A  ,  Engineering Physics (Theory)', 'ECE Y2 A  ,  Signal Processing (ECE Y2)', 'ECE Y2 A  ,  Electronic Devices (ECE Y2)', 'EE Y1 B  ,  Engineering Physics (Theory)', 0]]"
NLC015,Normal lecture classrooms,"[['CSE Y1 A  ,  Basic Electrical Engineering (Theory)', 'CSE Y1 A  ,  Programming Fundamentals (CSE Y1)', 'CSE Y1 B  ,  Data Structures (CSE Y1)', 'CSE Y2 B  ,  Engineering Chemistry (Theory)', 'CSE Y2 B  ,  Engineering Mathematics II', 'ECE Y2 B  ,  Electronic Devices (ECE Y2)', 0], ['CSE Y1 A  ,  Basic Electrical Engineering (Theory)', 'CSE Y1 A  ,  Programming Fundamentals (CSE Y1)', 'CSE Y1 B  ,  Data Structures (CSE Y1)', 'CSE Y2 B  ,  Engineering Chemistry (Theory)', 'CSE Y2 B  ,  Engineering Mathematics II', 'ECE Y2 B  ,  Electronic Devices (ECE Y2)', 0], ['CSE Y1 A  ,  Basic Electrical Engineering (Theory)', 'CSE Y1 A  ,  Programming Fundamentals (CSE Y1)', 'CSE Y1 B  ,  Data Structures (CSE Y1)', 'CSE Y2 B  ,  Engineering Chemistry (Theory)', 'CSE Y2 B  ,  Engineering Mathematics II', 'ECE Y2 B  ,  Electronic Devices (ECE Y2)', 0], ['CSE Y1 A  ,  Basic Electrical Engineering (Theory)', 'CSE Y1 A  ,  Programming Fundamentals (CSE Y1)', 'CSE Y1 B  ,  Data Structures (CSE Y1)', 'CSE Y2 B  ,  Engineering Chemistry (Theory)', 'CSE Y2 B  ,  Engineering Mathematics II', 'ECE Y2 B  ,  Electronic Devices (ECE Y2)', 0], ['CSE Y1 A  ,  Basic Electrical Engineering (Theory)', 'CSE Y1 A  ,  Programming Fundamentals (CSE Y1)', 'CSE Y1 B  ,  Data Structures (CSE Y1)', 'CSE Y2 B  ,  Engineering Chemistry (Theory)', 'CSE Y2 B  ,  Engineering Mathematics II', 'ECE Y2 B  ,  Electronic Devices (ECE Y2)', 0], ['CSE Y1 A  ,  Basic Electrical Engineering (Theory)', 'CSE Y1 A  ,  Programming Fundamentals (CSE Y1)', 'CSE Y1 B  ,  Data Structures (CSE Y1)', 'CSE Y2 B  ,  Engineering Chemistry (Theory)', 'CSE Y2 B  ,  Engineering Mathematics II', 'ECE Y2 B  ,  Electronic Devices (ECE Y2)', 0]]"
NLC016,Normal lecture classrooms,"[['CSE Y1 B  ,  Programming Fundamentals (CSE Y1)', 'CSE Y1 B  ,  Basic Electrical Engineering (Theory)', 'ECE Y2 B  ,  Signal Processing (ECE Y2)', 'CSE Y2 A  ,  Algorithms (CSE Y2)', 'CSE Y2 A  ,  Data Structures (CSE Y2)', 'ECE Y2 A  ,  Engineering Mechanics', 0], ['CSE Y1 B  ,  Programming Fundamentals (CSE Y1)', 'CSE Y1 B  ,  Basic Electrical Engineering (Theory)', 'ECE Y2 B  ,  Signal Processing (ECE Y2)', 'CSE Y2 A  ,  Algorithms (CSE Y2)', 'CSE Y2 A  ,  Data Structures (CSE Y2)', 'ECE Y2 A  ,  Engineering Mechanics', 0], ['CSE Y1 B  ,  Programming Fundamentals (CSE Y1)', 'CSE Y1 B  ,  Basic Electrical Engineering (Theory)', 'ECE Y2 B  ,  Signal Processing (ECE Y2)', 'CSE Y2 A  ,  Algorithms (CSE Y2)', 'CSE Y2 A  ,  Data Structures (CSE Y2)', 'ECE Y2 A  ,  Engineering Mechanics', 0], ['CSE Y1 B  ,  Programming Fundamentals (CSE Y1)', 'CSE Y1 B  ,  Basic Electrical Engineering (Theory)', 'ECE Y2 B  ,  Signal Processing (ECE Y2)', 'CSE Y2 A  ,  Algorithms (CSE Y2)', 'CSE Y2 A  ,  Data Structures (CSE Y2)', 'ECE Y2 A  ,  Engineering Mechanics', 0], ['CSE Y1 B  ,  Programming Fundamentals (CSE Y1)', 'CSE Y1 B  ,  Basic Electrical Engineering (Theory)', 'ECE Y2 B  ,  Signal Processing (ECE Y2)', 'CSE Y2 A  ,  Algorithms (CSE Y2)', 'CSE Y2 A  ,  Data Structures (CSE Y2)', 'ECE Y2 A  ,  Engineering Mechanics', 0], ['CSE Y1 B  ,  Programming Fundamentals (CSE Y1)', 'CSE Y1 B  ,  Basic Electrical Engineering (Theory)', 'ECE Y2 B  ,  Signal Processing (ECE Y2)', 'CSE Y2 A  ,  Algorithms (CSE Y2)', 'CSE Y2 A  ,  Data Structures (CSE Y2)', 'ECE Y2 A  ,  Engineering Mechanics', 0]]"
NLC017,Normal lecture classrooms,"[['EE Y4 A  ,  Control Systems (EE Y4)', 'EE Y4 A  ,  Circuit Analysis (EE Y4)', 'ECE Y2 A  ,  Engineering Mathematics II', 'IT Y4 A  ,  IT Fundamentals (IT Y4)', 'IT Y4 A  ,  Information Security (IT Y4)', 'CSE Y2 B  ,  Data Structures (CSE Y2)', 0], ['EE Y4 A  ,  Control Systems (EE Y4)', 'EE Y4 A  ,  Circuit Analysis (EE Y4)', 'ECE Y2 A  ,  Engineering Mathematics II', 'IT Y4 A  ,  IT Fundamentals (IT Y4)', 'IT Y4 A  ,  Information Security (IT Y4)', 'CSE Y2 B  ,  Data Structures (CSE Y2)', 0], ['EE Y4 A  ,  Control Systems (EE Y4)', 'EE Y4 A  ,  Circuit Analysis (EE Y4)', 'ECE Y2 A  ,  Engineering Mathematics II', 'IT Y4 A  ,  IT Fundamentals (IT Y4)', 'IT Y4 A  ,  Information Security (IT Y4)', 'CSE Y2 B  ,  Data Structures (CSE Y2)', 0], ['EE Y4 A  ,  Control Systems (EE Y4)', 'EE Y4 A  ,  Circuit Analysis (EE Y4)', 'ECE Y2 A  ,  Engineering Mathematics II', 'IT Y4 A  ,  IT Fundamentals (IT Y4)', 'IT Y4 A  ,  Information Security (IT Y4)', 'CSE Y2 B  ,  Data Structures (CSE Y2)', 0], ['EE Y4 A  ,  Control Systems (EE Y4)', 'EE Y4 A  ,  Circuit Analysis (EE Y4)', 'ECE Y2 A  ,  Engineering Mathematics II', 'IT Y4 A  ,  IT Fundamentals (IT Y4)', 'IT Y4 A  ,  Information Security (IT Y4)', 'CSE Y2 B  ,  Data Structures (CSE Y2)', 0], ['EE Y4 A  ,  Control Systems (EE Y4)', 'EE Y4 A  ,  Circuit Analysis (EE Y4)', 'ECE Y2 A  ,  Engineering Mathematics II', 'IT Y4 A  ,  IT Fundamentals (IT Y4)', 'IT Y4 A  ,  Information Security (IT Y4)', 'CSE Y2 B  ,  Data Structures (CSE Y2)', 0]]"
NLC018,Normal lecture classrooms,"[['EE Y4 B  ,  Circuit Analysis (EE Y4)', 'EE Y4 B  ,  Control Systems (EE Y4)', 'CSE Y2 B  ,  Algorithms (CSE Y2)', 'IT Y1 B  ,  Web Technologies (IT Y1)', 'IT Y1 B  ,  IT Fundamentals (IT Y1)', 'CSE Y2 A  ,  Engineering Mathematics II', 0], ['EE Y4 B  ,  Circuit Analysis (EE Y4)', 'EE Y4 B  ,  Control Systems (EE Y4)', 'CSE Y2 B  ,  Algorithms (CSE Y2)', 'IT Y1 B  ,  Web Technologies (IT Y1)', 'IT Y1 B  ,  IT Fundamentals (IT Y1)', 'CSE Y2 A  ,  Engineering Mathematics II', 0], ['EE Y4 B  ,  Circuit Analysis (EE Y4)', 'EE Y4 B  ,  Control Systems (EE Y4)', 'CSE Y2 B  ,  Algorithms (CSE Y2)', 'IT Y1 B  ,  Web Technologies (IT Y1)', 'IT Y1 B  ,  IT Fundamentals (IT Y1)', 'CSE Y2 A  ,  Engineering Mathematics II', 0], ['EE Y4 B  ,  Circuit Analysis (EE Y4)', 'EE Y4 B  ,  Control Systems (EE Y4)', 'CSE Y2 B  ,  Algorithms (CSE Y2)', 'IT Y1 B  ,  Web Technologies (IT Y1)', 'IT Y1 B  ,  IT Fundamentals (IT Y1)', 'CSE Y2 A  ,  Engineering Mathematics II', 0], ['EE Y4 B  ,  Circuit Analysis (EE Y4)', 'EE Y4 B  ,  Control Systems (EE Y4)', 'CSE Y2 B  ,  Algorithms (CSE Y2)', 'IT Y1 B  ,  Web Technologies (IT Y1)', 'IT Y1 B  ,  IT Fundamentals (IT Y1)', 'CSE Y2 A  ,  Engineering Mathematics II', 0], ['EE Y4 B  ,  Circuit Analysis (EE Y4)', 'EE Y4 B  ,  Control Systems (EE Y4)', 'CSE Y2 B  ,  Algorithms (CSE Y2)', 'IT Y1 B  ,  Web Technologies (IT Y1)', 'IT Y1 B  ,  IT Fundamentals (IT Y1)', 'CSE Y2 A  ,  Engineering Mathematics II', 0]]"
NLC019,Normal lecture classrooms,"[['EE Y1 A  ,  Circuit Analysis (EE Y1)', 'EE Y1 A  ,  Electrical Machines (EE Y1)', 'CSE Y2 A  ,  Engineering Chemistry (Theory)', 'IT Y1 A  ,  IT Fundamentals (IT Y1)', 'IT Y1 A  ,  Web Technologies (IT Y1)', 'IT Y4 B  ,  Information Security (IT Y4)', 0], ['EE Y1 A  ,  Circuit Analysis (EE Y1)', 'EE Y1 A  ,  Electrical Machines (EE Y1)', 'CSE Y2 A  ,  Engineering Chemistry (Theory)', 'IT Y1 A  ,  IT Fundamentals (IT Y1)', 'IT Y1 A  ,  Web Technologies (IT Y1)', 'IT Y4 B  ,  Information Security (IT Y4)', 0], ['EE Y1 A  ,  Circuit Analysis (EE Y1)', 'EE Y1 A  ,  Electrical Machines (EE Y1)', 'CSE Y2 A  ,  Engineering Chemistry (Theory)', 'IT Y1 A  ,  IT Fundamentals (IT Y1)', 'IT Y1 A  ,  Web Technologies (IT Y1)', 'IT Y4 B  ,  Information Security (IT Y4)', 0], ['EE Y1 A  ,  Circuit Analysis (EE Y1)', 'EE Y1 A  ,  Electrical Machines (EE Y1)', 'CSE Y2 A  ,  Engineering Chemistry (Theory)', 'IT Y1 A  ,  IT Fundamentals (IT Y1)', 'IT Y1 A  ,  Web Technologies (IT Y1)', 'IT Y4 B  ,  Information Security (IT Y4)', 0], ['EE Y1 A  ,  Circuit Analysis (EE Y1)', 'EE Y1 A  ,  Electrical Machines (EE Y1)', 'CSE Y2 A  ,  Engineering Chemistry (Theory)', 'IT Y1 A  ,  IT Fundamentals (IT Y1)', 'IT Y1 A  ,  Web Technologies (IT Y1)', 'IT Y4 B  ,  Information Security (IT Y4)', 0], ['EE Y1 A  ,  Circuit Analysis (EE Y1)', 'EE Y1 A  ,  Electrical Machines (EE Y1)', 'CSE Y2 A  ,  Engineering Chemistry (Theory)', 'IT Y1 A  ,  IT Fundamentals (IT Y1)', 'IT Y1 A  ,  Web Technologies (IT Y1)', 'IT Y4 B  ,  Information Security (IT Y4)', 0]]"
NLC020,Normal lecture classrooms,"[['EE Y1 B  ,  Electrical Machines (EE Y1)', 'EE Y1 B  ,  Circuit Analysis (EE Y1)', 'IT Y4 B  ,  IT Fundamentals (IT Y4)', 'ECE Y3 A  ,  Communication Systems (ECE Y3)', 'ECE Y3 A  ,  Signal Processing (ECE Y3)', 'ECE Y3 B  ,  Communication Systems (ECE Y3)', 0], ['EE Y1 B  ,  Electrical Machines (EE Y1)', 'EE Y1 B  ,  Circuit Analysis (EE Y1)', 'IT Y4 B  ,  IT Fundamentals (IT Y4)', 'ECE Y3 A  ,  Communication Systems (ECE Y3)', 'ECE Y3 A  ,  Signal Processing (ECE Y3)', 'ECE Y3 B  ,  Communication Systems (ECE Y3)', 0], ['EE Y1 B  ,  Electrical Machines (EE Y1)', 'EE Y1 B  ,  Circuit Analysis (EE Y1)', 'IT Y4 B  ,  IT Fundamentals (IT Y4)', 'ECE Y3 A  ,  Communication Systems (ECE Y3)', 'ECE Y3 A  ,  Signal Processing (ECE Y3)', 'ECE Y3 B  ,  Communication Systems (ECE Y3)', 0], ['EE Y1 B  ,  Electrical Machines (EE Y1)', 'EE Y1 B  ,  Circuit Analysis (EE Y1)', 'IT Y4 B  ,  IT Fundamentals (IT Y4)', 'ECE Y3 A  ,  Communication Systems (ECE Y3)', 'ECE Y3 A  ,  Signal Processing (ECE Y3)', 'ECE Y3 B  ,  Communication Systems (ECE Y3)', 0], ['EE Y1 B  ,  Electrical Machines (EE Y1)', 'EE Y1 B  ,  Circuit Analysis (EE Y1)', 'IT Y4 B  ,  IT Fundamentals (IT Y4)', 'ECE Y3 A  ,  Communication Systems (ECE Y3)', 'ECE Y3 A  ,  Signal Processing (ECE Y3)', 'ECE Y3 B  ,  Communication Systems (ECE Y3)', 0], ['EE Y1 B  ,  Electrical Machines (EE Y1)', 'EE Y1 B  ,  Circuit Analysis (EE Y1)', 'IT Y4 B  ,  IT Fundamentals (IT Y4)', 'ECE Y3 A  ,  Communication Systems (ECE Y3)', 'ECE Y3 A  ,  Signal Processing (ECE Y3)', 'ECE Y3 B  ,  Communication Systems (ECE Y3)', 0]]"
PHY001,Physics labs,"[['IT Y1 A  ,  Physics Lab', 'IT Y1 A  ,  Physics Lab', 0, 0, 0, 0, 0], ['IT Y1 A  ,  Physics Lab', 'IT Y1 A  ,  Physics Lab', 0, 0, 0, 0, 0], ['IT Y1 A  ,  Physics Lab', 'IT Y1 A  ,  Physics Lab', 0, 0, 0, 0, 0], ['IT Y1 A  ,  Physics Lab', 'IT Y1 A  ,  Physics Lab', 0, 0, 0, 0, 0], ['IT Y1 A  ,  Physics Lab', 'IT Y1 A  ,  Physics Lab', 0, 0, 0, 0, 0], ['IT Y1 A  ,  Physics Lab', 'IT Y1 A  ,  Physics Lab', 0, 0, 0, 0, 0]]"
PHY002,Physics labs,"[[0, 0, 0, 0, 0, 0, 0], [0, 0, 0, 0, 0, 0, 0], [0, 0, 0, 0, 0, 0, 0], [0, 0, 0, 0, 0, 0, 0], [0, 0, 0, 0, 0, 0, 0], [0, 0, 0, 0, 0, 0, 0]]"
CHE001,Chemistry labs,"[[0, 0, 'EE Y2 B  ,  Chemistry Lab', 'EE Y2 B  ,  Chemistry Lab', 0, 0, 0], [0, 0, 'EE Y2 B  ,  Chemistry Lab', 'EE Y2 B  ,  Chemistry Lab', 0, 0, 0], [0, 0, 'EE Y2 B  ,  Chemistry Lab', 'EE Y2 B  ,  Chemistry Lab', 0, 0, 0], [0, 0, 'EE Y2 B  ,  Chemistry Lab', 'EE Y2 B  ,  Chemistry Lab', 0, 0, 0], [0, 0, 'EE Y2 B  ,  Chemistry Lab', 'EE Y2 B  ,  Chemistry Lab', 0, 0, 0], [0, 0, 'EE Y2 B  ,  Chemistry Lab', 'EE Y2 B  ,  Chemistry Lab', 0, 0, 0]]"
CHE002,Chemistry labs,"[[0, 0, 0, 0, 0, 0, 0], [0, 0, 0, 0, 0, 0, 0], [0, 0, 0, 0, 0, 0, 0], [0, 0, 0, 0, 0, 0, 0], [0, 0, 0, 0, 0, 0, 0], [0, 0, 0, 0, 0, 0, 0]]"
BEE001,BEE Labs,"[['ECE Y3 A  ,  Communication Lab (ECE Y3)', 'ECE Y3 A  ,  Communication Lab (ECE Y3)', 0, 'EE Y3 B  ,  Control Systems Lab (EE Y3)', 'EE Y3 B  ,  Control Systems Lab (EE Y3)', 0, 0], ['ECE Y3 A  ,  Communication Lab (ECE Y3)', 'ECE Y3 A  ,  Communication Lab (ECE Y3)', 0, 'EE Y3 B  ,  Control Systems Lab (EE Y3)', 'EE Y3 B  ,  Control Systems Lab (EE Y3)', 0, 0], ['ECE Y3 A  ,  Communication Lab (ECE Y3)', 'ECE Y3 A  ,  Communication Lab (ECE Y3)', 0, 'EE Y3 B  ,  Control Systems Lab (EE Y3)', 'EE Y3 B  ,  Control Systems Lab (EE Y3)', 0, 0], ['ECE Y3 A  ,  Communication Lab (ECE Y3)', 'ECE Y3 A  ,  Communication Lab (ECE Y3)', 0, 'EE Y3 B  ,  Control Systems Lab (EE Y3)', 'EE Y3 B  ,  Control Systems Lab (EE Y3)', 0, 0], ['ECE Y3 A  ,  Communication Lab (ECE Y3)', 'ECE Y3 A  ,  Communication Lab (ECE Y3)', 0, 'EE Y3 B  ,  Control Systems Lab (EE Y3)', 'EE Y3 B  ,  Control Systems Lab (EE Y3)', 0, 0], ['ECE Y3 A  ,  Communication Lab (ECE Y3)', 'ECE Y3 A  ,  Communication Lab (ECE Y3)', 0, 'EE Y3 B  ,  Control Systems Lab (EE Y3)', 'EE Y3 B  ,  Control Systems Lab (EE Y3)', 0, 0]]"
BEE002,BEE Labs,"[['EE Y2 B  ,  Power Systems Lab (EE Y2)', 'EE Y2 B  ,  Power Systems Lab (EE Y2)', 'ECE Y3 B  ,  Communication Lab (ECE Y3)', 'ECE Y3 B  ,  Communication Lab (ECE Y3)', 0, 0, 0], ['EE Y2 B  ,  Power Systems Lab (EE Y2)', 'EE Y2 B  ,  Power Systems Lab (EE Y2)', 'ECE Y3 B  ,  Communication Lab (ECE Y3)', 'ECE Y3 B  ,  Communication Lab (ECE Y3)', 0, 0, 0], ['EE Y2 B  ,  Power Systems Lab (EE Y2)', 'EE Y2 B  ,  Power Systems Lab (EE Y2)', 'ECE Y3 B  ,  Communication Lab (ECE Y3)', 'ECE Y3 B  ,  Communication Lab (ECE Y3)', 0, 0, 0], ['EE Y2 B  ,  Power Systems Lab (EE Y2)', 'EE Y2 B  ,  Power Systems Lab (EE Y2)', 'ECE Y3 B  ,  Communication Lab (ECE Y3)', 'ECE Y3 B  ,  Communication Lab (ECE Y3)', 0, 0, 0], ['EE Y2 B  ,  Power Systems Lab (EE Y2)', 'EE Y2 B  ,  Power Systems Lab (EE Y2)', 'ECE Y3 B  ,  Communication Lab (ECE Y3)', 'ECE Y3 B  ,  Communication Lab (ECE Y3)', 0, 0, 0], ['EE Y2 B  ,  Power Systems Lab (EE Y2)', 'EE Y2 B  ,  Power Systems Lab (EE Y2)', 'ECE Y3 B  ,  Communication Lab (ECE Y3)', 'ECE Y3 B  ,  Communication Lab (ECE Y3)', 0, 0, 0]]"
CPL001,Computer labs,"[['CSE Y2 A  ,  Data Structures Lab (CSE Y2)', 'CSE Y2 A  ,  Data Structures Lab (CSE Y2)', 0, 'CSE Y3 B  ,  Algorithms Lab (CSE Y3)', 'CSE Y3 B  ,  Algorithms Lab (CSE Y3)', 0, 0], ['CSE Y2 A  ,  Data Structures Lab (CSE Y2)', 'CSE Y2 A  ,  Data Structures Lab (CSE Y2)', 0, 'CSE Y3 B  ,  Algorithms Lab (CSE Y3)', 'CSE Y3 B  ,  Algorithms Lab (CSE Y3)', 0, 0], ['CSE Y2 A  ,  Data Structures Lab (CSE Y2)', 'CSE Y2 A  ,  Data Structures Lab (CSE Y2)', 0, 'CSE Y3 B  ,  Algorithms Lab (CSE Y3)', 'CSE Y3 B  ,  Algorithms Lab (CSE Y3)', 0, 0], ['CSE Y2 A  ,  Data Structures Lab (CSE Y2)', 'CSE Y2 A  ,  Data Structures Lab (CSE Y2)', 0, 'CSE Y3 B  ,  Algorithms Lab (CSE Y3)', 'CSE Y3 B  ,  Algorithms Lab (CSE Y3)', 0, 0], ['CSE Y2 A  ,  Data Structures Lab (CSE Y2)', 'CSE Y2 A  ,  Data Structures Lab (CSE Y2)', 0, 'CSE Y3 B  ,  Algorithms Lab (CSE Y3)', 'CSE Y3 B  ,  Algorithms Lab (CSE Y3)', 0, 0], ['CSE Y2 A  ,  Data Structures Lab (CSE Y2)', 'CSE Y2 A  ,  Data Structures Lab (CSE Y2)', 0, 'CSE Y3 B  ,  Algorithms Lab (CSE Y3)', 'CSE Y3 B  ,  Algorithms Lab (CSE Y3)', 0, 0]]"
CPL002,Computer labs,"[['IT Y4 A  ,  Information Security Lab (IT Y4)', 'IT Y4 A  ,  Information Security Lab (IT Y4)', 0, 'IT Y2 A  ,  Database Lab (IT Y2)', 'IT Y2 A  ,  Database Lab (IT Y2)', 0, 0], ['IT Y4 A  ,  Information Security Lab (IT Y4)', 'IT Y4 A  ,  Information Security Lab (IT Y4)', 0, 'IT Y2 A  ,  Database Lab (IT Y2)', 'IT Y2 A  ,  Database Lab (IT Y2)', 0, 0], ['IT Y4 A  ,  Information Security Lab (IT Y4)', 'IT Y4 A  ,  Information Security Lab (IT Y4)', 0, 'IT Y2 A  ,  Database Lab (IT Y2)', 'IT Y2 A  ,  Database Lab (IT Y2)', 0, 0], ['IT Y4 A  ,  Information Security Lab (IT Y4)', 'IT Y4 A  ,  Information Security Lab (IT Y4)', 0, 'IT Y2 A  ,  Database Lab (IT Y2)', 'IT Y2 A  ,  Database Lab (IT Y2)', 0, 0], ['IT Y4 A  ,  Information Security Lab (IT Y4)', 'IT Y4 A  ,  Information Security Lab (IT Y4)', 0, 'IT Y2 A  ,  Database Lab (IT Y2)', 'IT Y2 A  ,  Database Lab (IT Y2)', 0, 0], ['IT Y4 A  ,  Information Security Lab (IT Y4)', 'IT Y4 A  ,  Information Security Lab (IT Y4)', 0, 'IT Y2 A  ,  Database Lab (IT Y2)', 'IT Y2 A  ,  Database Lab (IT Y2)', 0, 0]]"
CPL003,Computer labs,"[['IT Y1 B  ,  Web Technologies Lab (IT Y1)', 'IT Y1 B  ,  Web Technologies Lab (IT Y1)', 0, 'IT Y4 B  ,  Information Security Lab (IT Y4)', 'IT Y4 B  ,  Information Security Lab (IT Y4)', 0, 0], ['IT Y1 B  ,  Web Technologies Lab (IT Y1)', 'IT Y1 B  ,  Web Technologies Lab (IT Y1)', 0, 'IT Y4 B  ,  Information Security Lab (IT Y4)', 'IT Y4 B  ,  Information Security Lab (IT Y4)', 0, 0], ['IT Y1 B  ,  Web Technologies Lab (IT Y1)', 'IT Y1 B  ,  Web Technologies Lab (IT Y1)', 0, 'IT Y4 B  ,  Information Security Lab (IT Y4)', 'IT Y4 B  ,  Information Security Lab (IT Y4)', 0, 0], ['IT Y1 B  ,  Web Technologies Lab (IT Y1)', 'IT Y1 B  ,  Web Technologies Lab (IT Y1)', 0, 'IT Y4 B  ,  Information Security Lab (IT Y4)', 'IT Y4 B  ,  Information Security Lab (IT Y4)', 0, 0], ['IT Y1 B  ,  Web Technologies Lab (IT Y1)', 'IT Y1 B  ,  Web Technologies Lab (IT Y1)', 0, 'IT Y4 B  ,  Information Security Lab (IT Y4)', 'IT Y4 B  ,  Information Security Lab (IT Y4)', 0, 0], ['IT Y1 B  ,  Web Technologies Lab (IT Y1)', 'IT Y1 B  ,  Web Technologies Lab (IT Y1)', 0, 'IT Y4 B  ,  Information Security Lab (IT Y4)', 'IT Y4 B  ,  Information Security Lab (IT Y4)', 0, 0]]"
CPL004,Computer labs,"[[0, 0, 0, 0, 0, 0, 0], [0, 0, 0, 0, 0, 0, 0], [0, 0, 0, 0, 0, 0, 0], [0, 0, 0, 0, 0, 0, 0], [0, 0, 0, 0, 0, 0, 0], [0, 0, 0, 0, 0, 0, 0]]"
CPL005,Computer labs,"[[0, 0, 0, 0, 0, 0, 0], [0, 0, 0, 0, 0, 0, 0], [0, 0, 0, 0, 0, 0, 0], [0, 0, 0, 0, 0, 0, 0], [0, 0, 0, 0, 0, 0, 0], [0, 0, 0, 0, 0, 0, 0]]"
CPL006,Computer labs,"[[0, 0, 0, 0, 0, 0, 0], [0, 0, 0, 0, 0, 0, 0], [0, 0, 0, 0, 0, 0, 0], [0, 0, 0, 0, 0, 0, 0], [0, 0, 0, 0, 0, 0, 0], [0, 0, 0, 0, 0, 0, 0]]"
CPL007,Computer labs,"[[0, 0, 0, 0, 0, 0, 0], [0, 0, 0, 0, 0, 0, 0], [0, 0, 0, 0, 0, 0, 0], [0, 0, 0, 0, 0, 0, 0], [0, 0, 0, 0, 0, 0, 0], [0, 0, 0, 0, 0, 0, 0]]"
CPL008,Computer labs,"[[0, 0, 0, 0, 0, 0, 0], [0, 0, 0, 0, 0, 0, 0], [0, 0, 0, 0, 0, 0, 0], [0, 0, 0, 0, 0, 0, 0], [0, 0, 0, 0, 0, 0, 0], [0, 0, 0, 0, 0, 0, 0]]"
