id,name,timetable
1,Teacher 001,"[['EE Y1 B  ,  Engineering Mathematics I  ,  NLC008', 'EE Y1 A  ,  Engineering Mathematics I  ,  NLC007', 'EE Y1 B  ,  Engineering Mathematics I  ,  NLC009', 'IT Y1 B  ,  Engineering Mathematics I  ,  NLC015', 'ECE Y1 B  ,  Engineering Mathematics I  ,  NLC001', 'ECE Y1 A  ,  Engineering Mathematics I  ,  NLC002', 'CSE Y1 B  ,  Engineering Mathematics I  ,  NLC016'], ['EE Y1 B  ,  Engineering Mathematics I  ,  NLC009', 'ECE Y1 B  ,  Engineering Mathematics I  ,  NLC001', 0, 'CSE Y1 A  ,  Engineering Mathematics I  ,  NLC012', 'ECE Y1 A  ,  Engineering Mathematics I  ,  NLC007', 'EE Y1 A  ,  Engineering Mathematics I  ,  NLC015', 'CSE Y1 A  ,  Engineering Mathematics I  ,  NLC015'], ['CSE Y1 B  ,  Engineering Mathematics I  ,  NLC013', 'EE Y1 A  ,  Engineering Mathematics I  ,  NLC015', 0, 'CSE Y1 B  ,  Engineering Mathematics I  ,  NLC013', 'ECE Y1 A  ,  Engineering Mathematics I  ,  NLC008', 'ECE Y1 B  ,  Engineering Mathematics I  ,  NLC007', 'CSE Y1 A  ,  Engineering Mathematics I  ,  NLC013'], ['IT Y1 B  ,  Engineering Mathematics I  ,  NLC015', 'IT Y1 B  ,  Engineering Mathematics I  ,  NLC018', 'IT Y1 A  ,  Engineering Mathematics I  ,  NLC016', 'IT Y1 A  ,  Engineering Mathematics I  ,  NLC005', 'IT Y1 A  ,  Engineering Mathematics I  ,  NLC004', 0, 0], [0, 0, 0, 0, 0, 0, 0], [0, 0, 0, 0, 0, 0, 0]]"
2,Teacher 002,"[['ECE Y1 A  ,  Engineering Physics (Theory)  ,  NLC001', 'CSE Y1 B  ,  Engineering Physics (Theory)  ,  NLC004', 'ECE Y1 B  ,  Engineering Physics (Theory)  ,  NLC001', 'EE Y1 A  ,  Engineering Physics (Theory)  ,  NLC008', 'ECE Y1 A  ,  Engineering Physics (Theory)  ,  NLC002', 'ECE Y1 B  ,  Engineering Physics (Theory)  ,  NLC001', 'CSE Y1 A  ,  Engineering Physics (Theory)  ,  NLC015'], ['EE Y1 A  ,  Engineering Physics (Theory)  ,  NLC008', 'ECE Y1 A  ,  Engineering Physics (Theory)  ,  NLC002', 'EE Y1 B  ,  Engineering Physics (Theory)  ,  NLC014', 'EE Y1 B  ,  Engineering Physics (Theory)  ,  NLC014', 'CSE Y1 A  ,  Engineering Physics (Theory)  ,  NLC013', 'IT Y1 A  ,  Engineering Physics (Theory)  ,  NLC018', 'ECE Y1 B  ,  Engineering Physics (Theory)  ,  NLC007'], ['CSE Y1 A  ,  Engineering Physics (Theory)  ,  NLC012', 'CSE Y1 B  ,  Engineering Physics (Theory)  ,  NLC013', 'CSE Y1 B  ,  Engineering Physics (Theory)  ,  NLC013', 'EE Y1 A  ,  Engineering Physics (Theory)  ,  NLC014', 'CSE Y1 A  ,  Engineering Physics (Theory)  ,  NLC013', 'CSE Y1 B  ,  Engineering Physics (Theory)  ,  NLC013', 'ECE Y1 B  ,  Engineering Physics (Theory)  ,  NLC007'], ['ECE Y1 A  ,  Engineering Physics (Theory)  ,  NLC008', 'EE Y1 A  ,  Engineering Physics (Theory)  ,  NLC014', 'EE Y1 B  ,  Engineering Physics (Theory)  ,  NLC012', 'EE Y1 B  ,  Engineering Physics (Theory)  ,  NLC003', 'IT Y1 B  ,  Engineering Physics (Theory)  ,  NLC003', 'IT Y1 B  ,  Engineering Physics (Theory)  ,  NLC002', 'IT Y1 B  ,  Engineering Physics (Theory)  ,  NLC003'], ['IT Y1 B  ,  Engineering Physics (Theory)  ,  NLC002', 'IT Y1 A  ,  Engineering Physics (Theory)  ,  NLC002', 'IT Y1 A  ,  Engineering Physics (Theory)  ,  NLC002', 'IT Y1 A  ,  Engineering Physics (Theory)  ,  NLC002', 0, 0, 0], [0, 0, 0, 0, 0, 0, 0]]"
3,Teacher 003,"[['IT Y1 A  ,  Basic Electrical Engineering (Theory)  ,  NLC016', 'IT Y1 B  ,  Basic Electrical Engineering (Theory)  ,  NLC015', 0, 0, 'EE Y1 A  ,  Basic Electrical Engineering (Theory)  ,  NLC008', 'CSE Y1 B  ,  Basic Electrical Engineering (Theory)  ,  NLC005', 'EE Y1 B  ,  Basic Electrical Engineering (Theory)  ,  NLC020'], ['IT Y1 B  ,  Basic Electrical Engineering (Theory)  ,  NLC015', 'EE Y1 A  ,  Basic Electrical Engineering (Theory)  ,  NLC008', 0, 0, 'IT Y1 A  ,  Basic Electrical Engineering (Theory)  ,  NLC019', 'ECE Y1 A  ,  Basic Electrical Engineering (Theory)  ,  NLC007', 'EE Y1 B  ,  Basic Electrical Engineering (Theory)  ,  NLC020'], [0, 'CSE Y1 A  ,  Basic Electrical Engineering (Theory)  ,  NLC012', 'ECE Y1 B  ,  Basic Electrical Engineering (Theory)  ,  NLC007', 0, 0, 'CSE Y1 A  ,  Basic Electrical Engineering (Theory)  ,  NLC012', 'ECE Y1 A  ,  Basic Electrical Engineering (Theory)  ,  NLC008'], ['ECE Y1 B  ,  Basic Electrical Engineering (Theory)  ,  NLC007', 'CSE Y1 B  ,  Basic Electrical Engineering (Theory)  ,  NLC013', 0, 0, 0, 0, 0], [0, 0, 0, 0, 0, 0, 0], [0, 0, 0, 0, 0, 0, 0]]"
4,Teacher 004,"[['ECE Y1 B  ,  Physics Lab  ,  PHY001', 'ECE Y1 B  ,  Physics Lab  ,  PHY001', 'ECE Y1 A  ,  Physics Lab  ,  PHY001', 'ECE Y1 A  ,  Physics Lab  ,  PHY001', 'CSE Y1 A  ,  Physics Lab  ,  PHY001', 'CSE Y1 A  ,  Physics Lab  ,  PHY001', 0], ['CSE Y1 B  ,  Physics Lab  ,  PHY001', 'CSE Y1 B  ,  Physics Lab  ,  PHY001', 'EE Y1 A  ,  Physics Lab  ,  PHY001', 'EE Y1 A  ,  Physics Lab  ,  PHY001', 'EE Y1 B  ,  Physics Lab  ,  PHY001', 'EE Y1 B  ,  Physics Lab  ,  PHY001', 0], ['IT Y1 B  ,  Physics Lab  ,  PHY001', 'IT Y1 B  ,  Physics Lab  ,  PHY001', 'IT Y1 A  ,  Physics Lab  ,  PHY001', 'IT Y1 A  ,  Physics Lab  ,  PHY001', 0, 0, 0], [0, 0, 0, 0, 0, 0, 0], [0, 0, 0, 0, 0, 0, 0], [0, 0, 0, 0, 0, 0, 0]]"
5,Teacher 005,"[['ECE Y2 B  ,  Engineering Mathematics II  ,  NLC009', 'ECE Y2 A  ,  Engineering Mathematics II  ,  NLC010', 'ECE Y2 B  ,  Engineering Mathematics II  ,  NLC010', 'ECE Y2 A  ,  Engineering Mathematics II  ,  NLC011', 'CSE Y2 B  ,  Engineering Mathematics II  ,  NLC011', 'ECE Y2 A  ,  Engineering Mathematics II  ,  NLC010', 'IT Y2 A  ,  Engineering Mathematics II  ,  NLC003'], ['CSE Y2 B  ,  Engineering Mathematics II  ,  NLC011', 'ECE Y2 B  ,  Engineering Mathematics II  ,  NLC010', 'IT Y2 B  ,  Engineering Mathematics II  ,  NLC004', 'IT Y2 A  ,  Engineering Mathematics II  ,  NLC003', 'IT Y2 B  ,  Engineering Mathematics II  ,  NLC004', 'EE Y2 B  ,  Engineering Mathematics II  ,  NLC019', 0], ['IT Y2 A  ,  Engineering Mathematics II  ,  NLC003', 'IT Y2 B  ,  Engineering Mathematics II  ,  NLC004', 'ECE Y2 B  ,  Engineering Mathematics II  ,  NLC014', 'ECE Y2 A  ,  Engineering Mathematics II  ,  NLC016', 'IT Y2 B  ,  Engineering Mathematics II  ,  NLC004', 'IT Y2 A  ,  Engineering Mathematics II  ,  NLC003', 'CSE Y2 B  ,  Engineering Mathematics II  ,  NLC015'], ['CSE Y2 B  ,  Engineering Mathematics II  ,  NLC014', 'CSE Y2 A  ,  Engineering Mathematics II  ,  NLC016', 'CSE Y2 A  ,  Engineering Mathematics II  ,  NLC014', 'CSE Y2 A  ,  Engineering Mathematics II  ,  NLC004', 'CSE Y2 A  ,  Engineering Mathematics II  ,  NLC001', 'EE Y2 B  ,  Engineering Mathematics II  ,  NLC004', 'EE Y2 B  ,  Engineering Mathematics II  ,  NLC004'], ['EE Y2 B  ,  Engineering Mathematics II  ,  NLC004', 'EE Y2 A  ,  Engineering Mathematics II  ,  NLC004', 'EE Y2 A  ,  Engineering Mathematics II  ,  NLC004', 'EE Y2 A  ,  Engineering Mathematics II  ,  NLC004', 'EE Y2 A  ,  Engineering Mathematics II  ,  NLC001', 0, 0], [0, 0, 0, 0, 0, 0, 0]]"
6,Teacher 006,"[['EE Y2 A  ,  Engineering Chemistry (Theory)  ,  NLC020', 'EE Y2 B  ,  Engineering Chemistry (Theory)  ,  NLC019', 'CSE Y2 A  ,  Engineering Chemistry (Theory)  ,  NLC012', 0, 'EE Y2 B  ,  Engineering Chemistry (Theory)  ,  NLC019', 'CSE Y2 B  ,  Engineering Chemistry (Theory)  ,  NLC011', 0], ['CSE Y2 A  ,  Engineering Chemistry (Theory)  ,  NLC012', 'EE Y2 A  ,  Engineering Chemistry (Theory)  ,  NLC019', 'ECE Y2 B  ,  Engineering Chemistry (Theory)  ,  NLC015', 'ECE Y2 A  ,  Engineering Chemistry (Theory)  ,  NLC016', 0, 0, 0], ['IT Y2 B  ,  Engineering Chemistry (Theory)  ,  NLC004', 'IT Y2 A  ,  Engineering Chemistry (Theory)  ,  NLC003', 'ECE Y2 A  ,  Engineering Chemistry (Theory)  ,  NLC015', 'ECE Y2 B  ,  Engineering Chemistry (Theory)  ,  NLC015', 'CSE Y2 B  ,  Engineering Chemistry (Theory)  ,  NLC016', 0, 'IT Y2 A  ,  Engineering Chemistry (Theory)  ,  NLC003'], ['IT Y2 B  ,  Engineering Chemistry (Theory)  ,  NLC004', 0, 0, 0, 0, 0, 0], [0, 0, 0, 0, 0, 0, 0], [0, 0, 0, 0, 0, 0, 0]]"
7,Teacher 007,"[['CSE Y2 B  ,  Engineering Mechanics  ,  NLC011', 'CSE Y2 A  ,  Engineering Mechanics  ,  NLC012', 'ECE Y2 A  ,  Engineering Mechanics  ,  NLC011', 'ECE Y2 B  ,  Engineering Mechanics  ,  NLC010', 'CSE Y2 A  ,  Engineering Mechanics  ,  NLC012', 'EE Y2 B  ,  Engineering Mechanics  ,  NLC019', 0], ['EE Y2 B  ,  Engineering Mechanics  ,  NLC018', 'CSE Y2 B  ,  Engineering Mechanics  ,  NLC011', 'ECE Y2 A  ,  Engineering Mechanics  ,  NLC016', 'IT Y2 B  ,  Engineering Mechanics  ,  NLC004', 'IT Y2 A  ,  Engineering Mechanics  ,  NLC003', 'ECE Y2 B  ,  Engineering Mechanics  ,  NLC016', 0], ['ECE Y2 B  ,  Engineering Mechanics  ,  NLC017', 'ECE Y2 A  ,  Engineering Mechanics  ,  NLC017', 'IT Y2 A  ,  Engineering Mechanics  ,  NLC003', 'IT Y2 B  ,  Engineering Mechanics  ,  NLC004', 'CSE Y2 A  ,  Engineering Mechanics  ,  NLC017', 'CSE Y2 B  ,  Engineering Mechanics  ,  NLC015', 'IT Y2 B  ,  Engineering Mechanics  ,  NLC004'], ['IT Y2 A  ,  Engineering Mechanics  ,  NLC003', 'EE Y2 B  ,  Engineering Mechanics  ,  NLC020', 'EE Y2 A  ,  Engineering Mechanics  ,  NLC017', 'EE Y2 A  ,  Engineering Mechanics  ,  NLC007', 'EE Y2 A  ,  Engineering Mechanics  ,  NLC006', 0, 0], [0, 0, 0, 0, 0, 0, 0], [0, 0, 0, 0, 0, 0, 0]]"
8,Teacher 008,"[['IT Y2 B  ,  Chemistry Lab  ,  CHE001', 'IT Y2 B  ,  Chemistry Lab  ,  CHE001', 'IT Y2 A  ,  Chemistry Lab  ,  CHE001', 'IT Y2 A  ,  Chemistry Lab  ,  CHE001', 'ECE Y2 B  ,  Chemistry Lab  ,  CHE001', 'ECE Y2 B  ,  Chemistry Lab  ,  CHE001', 0], ['ECE Y2 A  ,  Chemistry Lab  ,  CHE001', 'ECE Y2 A  ,  Chemistry Lab  ,  CHE001', 'CSE Y2 B  ,  Chemistry Lab  ,  CHE001', 'CSE Y2 B  ,  Chemistry Lab  ,  CHE001', 'CSE Y2 A  ,  Chemistry Lab  ,  CHE001', 'CSE Y2 A  ,  Chemistry Lab  ,  CHE001', 0], ['EE Y2 B  ,  Chemistry Lab  ,  CHE001', 'EE Y2 B  ,  Chemistry Lab  ,  CHE001', 'EE Y2 A  ,  Chemistry Lab  ,  CHE001', 'EE Y2 A  ,  Chemistry Lab  ,  CHE001', 0, 0, 0], [0, 0, 0, 0, 0, 0, 0], [0, 0, 0, 0, 0, 0, 0], [0, 0, 0, 0, 0, 0, 0]]"
9,Teacher 009,"[[0, 0, 'ECE Y3 A  ,  Probability and Statistics  ,  NLC017', 'ECE Y3 B  ,  Probability and Statistics  ,  NLC018', 0, 0, 'EE Y3 B  ,  Probability and Statistics  ,  NLC009'], ['EE Y3 A  ,  Probability and Statistics  ,  NLC004', 'ECE Y3 A  ,  Probability and Statistics  ,  NLC016', 'ECE Y3 B  ,  Probability and Statistics  ,  NLC018', 'EE Y3 A  ,  Probability and Statistics  ,  NLC008', 'IT Y3 B  ,  Probability and Statistics  ,  NLC009', 'IT Y3 A  ,  Probability and Statistics  ,  NLC010', 'EE Y3 B  ,  Probability and Statistics  ,  NLC009'], ['CSE Y3 B  ,  Probability and Statistics  ,  NLC001', 'CSE Y3 A  ,  Probability and Statistics  ,  NLC002', 'IT Y3 B  ,  Probability and Statistics  ,  NLC008', 'IT Y3 A  ,  Probability and Statistics  ,  NLC009', 'CSE Y3 A  ,  Probability and Statistics  ,  NLC002', 'CSE Y3 B  ,  Probability and Statistics  ,  NLC001', 0], [0, 0, 0, 0, 0, 0, 0], [0, 0, 0, 0, 0, 0, 0], [0, 0, 0, 0, 0, 0, 0]]"
10,Teacher 010,"[['ECE Y3 A  ,  Environmental Studies  ,  NLC017', 'ECE Y3 B  ,  Environmental Studies  ,  NLC018', 'EE Y3 B  ,  Environmental Studies  ,  NLC002', 'EE Y3 A  ,  Environmental Studies  ,  NLC003', 'ECE Y3 B  ,  Environmental Studies  ,  NLC018', 0, 'EE Y3 A  ,  Environmental Studies  ,  NLC010'], ['EE Y3 B  ,  Environmental Studies  ,  NLC003', 'IT Y3 B  ,  Environmental Studies  ,  NLC005', 'IT Y3 A  ,  Environmental Studies  ,  NLC010', 'CSE Y3 B  ,  Environmental Studies  ,  NLC001', 'CSE Y3 A  ,  Environmental Studies  ,  NLC002', 'IT Y3 B  ,  Environmental Studies  ,  NLC009', 'EE Y3 A  ,  Environmental Studies  ,  NLC010'], ['CSE Y3 A  ,  Environmental Studies  ,  NLC002', 'CSE Y3 B  ,  Environmental Studies  ,  NLC001', 'IT Y3 A  ,  Environmental Studies  ,  NLC009', 'IT Y3 B  ,  Environmental Studies  ,  NLC008', 'IT Y3 A  ,  Environmental Studies  ,  NLC010', 'ECE Y3 A  ,  Environmental Studies  ,  NLC018', 'CSE Y3 B  ,  Environmental Studies  ,  NLC001'], ['CSE Y3 A  ,  Environmental Studies  ,  NLC002', 'ECE Y3 A  ,  Environmental Studies  ,  NLC019', 'EE Y3 B  ,  Environmental Studies  ,  NLC009', 'ECE Y3 B  ,  Environmental Studies  ,  NLC006', 0, 0, 0], [0, 0, 0, 0, 0, 0, 0], [0, 0, 0, 0, 0, 0, 0]]"
11,Teacher 011,"[['EE Y3 B  ,  Management and Economics  ,  NLC002', 'EE Y3 A  ,  Management and Economics  ,  NLC003', 'EE Y3 A  ,  Management and Economics  ,  NLC003', 'EE Y3 B  ,  Management and Economics  ,  NLC002', 'ECE Y3 A  ,  Management and Economics  ,  NLC017', 'ECE Y3 A  ,  Management and Economics  ,  NLC017', 'CSE Y3 B  ,  Management and Economics  ,  NLC001'], ['IT Y3 B  ,  Management and Economics  ,  NLC005', 'EE Y3 B  ,  Management and Economics  ,  NLC003', 'CSE Y3 A  ,  Management and Economics  ,  NLC002', 'CSE Y3 A  ,  Management and Economics  ,  NLC002', 'CSE Y3 B  ,  Management and Economics  ,  NLC001', 'EE Y3 A  ,  Management and Economics  ,  NLC008', 'IT Y3 B  ,  Management and Economics  ,  NLC011'], ['EE Y3 B  ,  Management and Economics  ,  NLC007', 'EE Y3 A  ,  Management and Economics  ,  NLC008', 'CSE Y3 B  ,  Management and Economics  ,  NLC001', 'CSE Y3 A  ,  Management and Economics  ,  NLC002', 'IT Y3 B  ,  Management and Economics  ,  NLC009', 'IT Y3 B  ,  Management and Economics  ,  NLC009', 'CSE Y3 A  ,  Management and Economics  ,  NLC002'], ['CSE Y3 B  ,  Management and Economics  ,  NLC001', 'IT Y3 A  ,  Management and Economics  ,  NLC009', 'IT Y3 A  ,  Management and Economics  ,  NLC010', 'IT Y3 A  ,  Management and Economics  ,  NLC001', 'ECE Y3 A  ,  Management and Economics  ,  NLC005', 'ECE Y3 A  ,  Management and Economics  ,  NLC003', 'IT Y3 A  ,  Management and Economics  ,  NLC001'], ['ECE Y3 B  ,  Management and Economics  ,  NLC003', 'ECE Y3 B  ,  Management and Economics  ,  NLC003', 'ECE Y3 B  ,  Management and Economics  ,  NLC003', 'ECE Y3 B  ,  Management and Economics  ,  NLC003', 0, 0, 0], [0, 0, 0, 0, 0, 0, 0]]"
12,Teacher 012,"[['CSE Y3 A  ,  Basic Electrical Lab  ,  BEE001', 'CSE Y3 A  ,  Basic Electrical Lab  ,  BEE001', 'CSE Y3 B  ,  Basic Electrical Lab  ,  BEE001', 'CSE Y3 B  ,  Basic Electrical Lab  ,  BEE001', 0, 0, 0], [0, 0, 0, 0, 0, 0, 0], [0, 0, 'EE Y3 B  ,  Basic Electrical Lab  ,  BEE002', 'EE Y3 B  ,  Basic Electrical Lab  ,  BEE002', 'EE Y3 A  ,  Basic Electrical Lab  ,  BEE002', 'EE Y3 A  ,  Basic Electrical Lab  ,  BEE002', 0], [0, 0, 'IT Y3 B  ,  Basic Electrical Lab  ,  BEE002', 'IT Y3 B  ,  Basic Electrical Lab  ,  BEE002', 'IT Y3 A  ,  Basic Electrical Lab  ,  BEE002', 'IT Y3 A  ,  Basic Electrical Lab  ,  BEE002', 0], [0, 0, 0, 0, 0, 0, 0], [0, 0, 0, 0, 0, 0, 0]]"
13,Teacher 013,"[['IT Y4 B  ,  Engineering Ethics & Professional Practice  ,  NLC013', 'IT Y4 A  ,  Engineering Ethics & Professional Practice  ,  NLC014', 'EE Y4 A  ,  Engineering Ethics & Professional Practice  ,  NLC006', 'EE Y4 B  ,  Engineering Ethics & Professional Practice  ,  NLC007', 'IT Y4 B  ,  Engineering Ethics & Professional Practice  ,  NLC013', 'EE Y4 A  ,  Engineering Ethics & Professional Practice  ,  NLC006', 'CSE Y4 B  ,  Engineering Ethics & Professional Practice  ,  NLC014'], ['EE Y4 B  ,  Engineering Ethics & Professional Practice  ,  NLC007', 'IT Y4 A  ,  Engineering Ethics & Professional Practice  ,  NLC014', 'CSE Y4 A  ,  Engineering Ethics & Professional Practice  ,  NLC011', 'ECE Y4 B  ,  Engineering Ethics & Professional Practice  ,  NLC005', 'ECE Y4 A  ,  Engineering Ethics & Professional Practice  ,  NLC006', 'CSE Y4 B  ,  Engineering Ethics & Professional Practice  ,  NLC012', 'EE Y4 A  ,  Engineering Ethics & Professional Practice  ,  NLC017'], ['ECE Y4 B  ,  Engineering Ethics & Professional Practice  ,  NLC005', 'ECE Y4 A  ,  Engineering Ethics & Professional Practice  ,  NLC006', 'CSE Y4 A  ,  Engineering Ethics & Professional Practice  ,  NLC010', 'CSE Y4 B  ,  Engineering Ethics & Professional Practice  ,  NLC011', 'ECE Y4 A  ,  Engineering Ethics & Professional Practice  ,  NLC006', 'ECE Y4 B  ,  Engineering Ethics & Professional Practice  ,  NLC005', 'CSE Y4 A  ,  Engineering Ethics & Professional Practice  ,  NLC011'], ['EE Y4 B  ,  Engineering Ethics & Professional Practice  ,  NLC013', 'IT Y4 B  ,  Engineering Ethics & Professional Practice  ,  NLC017', 'IT Y4 A  ,  Engineering Ethics & Professional Practice  ,  NLC015', 0, 0, 0, 0], [0, 0, 0, 0, 0, 0, 0], [0, 0, 0, 0, 0, 0, 0]]"
14,Teacher 014,"[['EE Y4 A  ,  Project Management  ,  NLC005', 'EE Y4 B  ,  Project Management  ,  NLC006', 'CSE Y4 B  ,  Project Management  ,  NLC005', 'EE Y4 A  ,  Project Management  ,  NLC006', 'EE Y4 B  ,  Project Management  ,  NLC007', 'EE Y4 B  ,  Project Management  ,  NLC007', 'ECE Y4 B  ,  Project Management  ,  NLC005'], ['EE Y4 A  ,  Project Management  ,  NLC006', 'IT Y4 B  ,  Project Management  ,  NLC013', 'ECE Y4 A  ,  Project Management  ,  NLC006', 'ECE Y4 A  ,  Project Management  ,  NLC006', 'ECE Y4 B  ,  Project Management  ,  NLC005', 'CSE Y4 A  ,  Project Management  ,  NLC011', 'CSE Y4 A  ,  Project Management  ,  NLC013'], ['ECE Y4 A  ,  Project Management  ,  NLC006', 'ECE Y4 B  ,  Project Management  ,  NLC005', 'CSE Y4 B  ,  Project Management  ,  NLC011', 'CSE Y4 A  ,  Project Management  ,  NLC010', 'CSE Y4 A  ,  Project Management  ,  NLC011', 'CSE Y4 B  ,  Project Management  ,  NLC011', 'ECE Y4 B  ,  Project Management  ,  NLC005'], ['ECE Y4 A  ,  Project Management  ,  NLC006', 'CSE Y4 B  ,  Project Management  ,  NLC011', 'EE Y4 A  ,  Project Management  ,  NLC011', 'EE Y4 B  ,  Project Management  ,  NLC002', 'IT Y4 B  ,  Project Management  ,  NLC002', 'IT Y4 B  ,  Project Management  ,  NLC001', 'IT Y4 B  ,  Project Management  ,  NLC002'], ['IT Y4 A  ,  Project Management  ,  NLC001', 'IT Y4 A  ,  Project Management  ,  NLC001', 'IT Y4 A  ,  Project Management  ,  NLC001', 'IT Y4 A  ,  Project Management  ,  NLC001', 0, 0, 0], [0, 0, 0, 0, 0, 0, 0]]"
15,Teacher 015,"[[0, 0, 'IT Y4 B  ,  Research Methodology  ,  NLC013', 'IT Y4 A  ,  Research Methodology  ,  NLC014', 0, 'IT Y4 A  ,  Research Methodology  ,  NLC014', 'EE Y4 A  ,  Research Methodology  ,  NLC017'], ['IT Y4 B  ,  Research Methodology  ,  NLC013', 'EE Y4 B  ,  Research Methodology  ,  NLC007', 0, 'EE Y4 B  ,  Research Methodology  ,  NLC013', 'CSE Y4 A  ,  Research Methodology  ,  NLC011', 'EE Y4 A  ,  Research Methodology  ,  NLC014', 'CSE Y4 B  ,  Research Methodology  ,  NLC014'], [0, 0, 'ECE Y4 B  ,  Research Methodology  ,  NLC005', 'ECE Y4 A  ,  Research Methodology  ,  NLC006', 'CSE Y4 B  ,  Research Methodology  ,  NLC012', 'CSE Y4 A  ,  Research Methodology  ,  NLC010', 'ECE Y4 A  ,  Research Methodology  ,  NLC006'], ['ECE Y4 B  ,  Research Methodology  ,  NLC005', 0, 0, 0, 0, 0, 0], [0, 0, 0, 0, 0, 0, 0], [0, 0, 0, 0, 0, 0, 0]]"
16,Teacher 016,"[['ECE Y4 A  ,  Advanced Computer Lab  ,  CPL003', 'ECE Y4 A  ,  Advanced Computer Lab  ,  CPL003', 'ECE Y4 B  ,  Advanced Computer Lab  ,  CPL003', 'ECE Y4 B  ,  Advanced Computer Lab  ,  CPL003', 'CSE Y4 A  ,  Advanced Computer Lab  ,  CPL007', 'CSE Y4 A  ,  Advanced Computer Lab  ,  CPL007', 0], ['CSE Y4 B  ,  Advanced Computer Lab  ,  CPL007', 'CSE Y4 B  ,  Advanced Computer Lab  ,  CPL007', 'EE Y4 A  ,  Advanced Computer Lab  ,  CPL003', 'EE Y4 A  ,  Advanced Computer Lab  ,  CPL003', 'EE Y4 B  ,  Advanced Computer Lab  ,  CPL002', 'EE Y4 B  ,  Advanced Computer Lab  ,  CPL002', 0], ['IT Y4 B  ,  Advanced Computer Lab  ,  CPL003', 'IT Y4 B  ,  Advanced Computer Lab  ,  CPL003', 'IT Y4 A  ,  Advanced Computer Lab  ,  CPL003', 'IT Y4 A  ,  Advanced Computer Lab  ,  CPL003', 0, 0, 0], [0, 0, 0, 0, 0, 0, 0], [0, 0, 0, 0, 0, 0, 0], [0, 0, 0, 0, 0, 0, 0]]"
17,Teacher 017,"[['CSE Y1 B  ,  Programming Fundamentals (CSE Y1)  ,  NLC004', 0, 0, 0, 'CSE Y1 B  ,  Programming Fundamentals (CSE Y1)  ,  NLC005', 0, 0], [0, 0, 'CSE Y1 A  ,  Programming Fundamentals (CSE Y1)  ,  NLC012', 0, 0, 'CSE Y1 A  ,  Programming Fundamentals (CSE Y1)  ,  NLC013', 'CSE Y1 B  ,  Programming Fundamentals (CSE Y1)  ,  NLC016'], [0, 0, 'CSE Y1 A  ,  Programming Fundamentals (CSE Y1)  ,  NLC012', 0, 0, 0, 'CSE Y1 B  ,  Programming Fundamentals (CSE Y1)  ,  NLC014'], ['CSE Y1 A  ,  Programming Fundamentals (CSE Y1)  ,  NLC011', 0, 0, 0, 0, 0, 0], [0, 0, 0, 0, 0, 0, 0], [0, 0, 0, 0, 0, 0, 0]]"
18,Teacher 018,"[[0, 0, 0, 0, 0, 0, 0], [0, 0, 0, 0, 0, 0, 0], [0, 0, 0, 'CSE Y1 A  ,  Data Structures (CSE Y1)  ,  NLC012', 'CSE Y1 B  ,  Data Structures (CSE Y1)  ,  NLC014', 0, 0], ['CSE Y1 B  ,  Data Structures (CSE Y1)  ,  NLC012', 'CSE Y1 A  ,  Data Structures (CSE Y1)  ,  NLC012', 0, 0, 0, 0, 0], [0, 0, 0, 0, 0, 0, 0], [0, 0, 0, 0, 0, 0, 0]]"
19,Teacher 019,"[['CSE Y1 A  ,  Programming Lab (CSE Y1)  ,  CPL008', 'CSE Y1 A  ,  Programming Lab (CSE Y1)  ,  CPL008', 'CSE Y1 A  ,  Programming Lab (CSE Y1)  ,  CPL006', 'CSE Y1 A  ,  Programming Lab (CSE Y1)  ,  CPL006', 0, 0, 0], [0, 0, 'CSE Y1 B  ,  Programming Lab (CSE Y1)  ,  CPL002', 'CSE Y1 B  ,  Programming Lab (CSE Y1)  ,  CPL002', 'CSE Y1 B  ,  Programming Lab (CSE Y1)  ,  CPL001', 'CSE Y1 B  ,  Programming Lab (CSE Y1)  ,  CPL001', 0], [0, 0, 0, 0, 0, 0, 0], [0, 0, 0, 0, 0, 0, 0], [0, 0, 0, 0, 0, 0, 0], [0, 0, 0, 0, 0, 0, 0]]"
20,Teacher 020,"[[0, 0, 'CSE Y1 B  ,  Data Structures Lab (CSE Y1)  ,  CPL007', 'CSE Y1 B  ,  Data Structures Lab (CSE Y1)  ,  CPL007', 0, 0, 0], ['CSE Y1 A  ,  Data Structures Lab (CSE Y1)  ,  CPL008', 'CSE Y1 A  ,  Data Structures Lab (CSE Y1)  ,  CPL008', 0, 0, 0, 0, 0], [0, 0, 0, 0, 0, 0, 0], [0, 0, 0, 0, 0, 0, 0], [0, 0, 0, 0, 0, 0, 0], [0, 0, 0, 0, 0, 0, 0]]"
21,Teacher 021,"[[0, 0, 0, 'CSE Y2 A  ,  Data Structures (CSE Y2)  ,  NLC012', 0, 0, 0], [0, 'CSE Y2 A  ,  Data Structures (CSE Y2)  ,  NLC012', 0, 0, 0, 0, 0], [0, 0, 'CSE Y2 B  ,  Data Structures (CSE Y2)  ,  NLC016', 0, 0, 0, 0], [0, 'CSE Y2 B  ,  Data Structures (CSE Y2)  ,  NLC015', 0, 0, 0, 0, 0], [0, 0, 0, 0, 0, 0, 0], [0, 0, 0, 0, 0, 0, 0]]"
22,Teacher 022,"[['CSE Y2 A  ,  Algorithms (CSE Y2)  ,  NLC012', 'CSE Y2 B  ,  Algorithms (CSE Y2)  ,  NLC011', 0, 0, 0, 'CSE Y2 A  ,  Algorithms (CSE Y2)  ,  NLC012', 0], [0, 0, 0, 0, 0, 0, 0], [0, 0, 0, 'CSE Y2 B  ,  Algorithms (CSE Y2)  ,  NLC017', 0, 'CSE Y2 A  ,  Algorithms (CSE Y2)  ,  NLC016', 0], [0, 0, 'CSE Y2 B  ,  Algorithms (CSE Y2)  ,  NLC013', 0, 0, 0, 0], [0, 0, 0, 0, 0, 0, 0], [0, 0, 0, 0, 0, 0, 0]]"
23,Teacher 023,"[[0, 0, 'CSE Y2 B  ,  Data Structures Lab (CSE Y2)  ,  CPL008', 'CSE Y2 B  ,  Data Structures Lab (CSE Y2)  ,  CPL008', 0, 0, 0], [0, 0, 'CSE Y2 A  ,  Data Structures Lab (CSE Y2)  ,  CPL004', 'CSE Y2 A  ,  Data Structures Lab (CSE Y2)  ,  CPL004', 'CSE Y2 B  ,  Data Structures Lab (CSE Y2)  ,  CPL003', 'CSE Y2 B  ,  Data Structures Lab (CSE Y2)  ,  CPL003', 0], ['CSE Y2 A  ,  Data Structures Lab (CSE Y2)  ,  CPL002', 'CSE Y2 A  ,  Data Structures Lab (CSE Y2)  ,  CPL002', 0, 0, 0, 0, 0], [0, 0, 0, 0, 0, 0, 0], [0, 0, 0, 0, 0, 0, 0], [0, 0, 0, 0, 0, 0, 0]]"
24,Teacher 024,"[[0, 0, 0, 0, 0, 0, 0], [0, 0, 0, 0, 0, 0, 0], ['CSE Y2 B  ,  Algorithms Lab (CSE Y2)  ,  CPL001', 'CSE Y2 B  ,  Algorithms Lab (CSE Y2)  ,  CPL001', 'CSE Y2 A  ,  Algorithms Lab (CSE Y2)  ,  CPL001', 'CSE Y2 A  ,  Algorithms Lab (CSE Y2)  ,  CPL001', 0, 0, 0], [0, 0, 0, 0, 0, 0, 0], [0, 0, 0, 0, 0, 0, 0], [0, 0, 0, 0, 0, 0, 0]]"
25,Teacher 025,"[[0, 0, 0, 0, 0, 0, 0], [0, 0, 0, 0, 0, 'CSE Y3 B  ,  Algorithms (CSE Y3)  ,  NLC001', 'CSE Y3 A  ,  Algorithms (CSE Y3)  ,  NLC002'], [0, 0, 'CSE Y3 A  ,  Algorithms (CSE Y3)  ,  NLC002', 'CSE Y3 B  ,  Algorithms (CSE Y3)  ,  NLC001', 0, 0, 0], [0, 'CSE Y3 B  ,  Algorithms (CSE Y3)  ,  NLC001', 'CSE Y3 A  ,  Algorithms (CSE Y3)  ,  NLC002', 0, 0, 0, 0], [0, 0, 0, 0, 0, 0, 0], [0, 0, 0, 0, 0, 0, 0]]"
26,Teacher 026,"[[0, 0, 0, 0, 0, 0, 'CSE Y3 A  ,  Operating Systems (CSE Y3)  ,  NLC002'], [0, 0, 'CSE Y3 B  ,  Operating Systems (CSE Y3)  ,  NLC001', 0, 0, 'CSE Y3 A  ,  Operating Systems (CSE Y3)  ,  NLC002', 'CSE Y3 B  ,  Operating Systems (CSE Y3)  ,  NLC001'], [0, 0, 0, 0, 'CSE Y3 B  ,  Operating Systems (CSE Y3)  ,  NLC001', 'CSE Y3 A  ,  Operating Systems (CSE Y3)  ,  NLC002', 0], [0, 'CSE Y3 A  ,  Operating Systems (CSE Y3)  ,  NLC002', 'CSE Y3 B  ,  Operating Systems (CSE Y3)  ,  NLC001', 0, 0, 0, 0], [0, 0, 0, 0, 0, 0, 0], [0, 0, 0, 0, 0, 0, 0]]"
27,Teacher 027,"[['CSE Y3 B  ,  Algorithms Lab (CSE Y3)  ,  CPL001', 'CSE Y3 B  ,  Algorithms Lab (CSE Y3)  ,  CPL001', 'CSE Y3 A  ,  Algorithms Lab (CSE Y3)  ,  CPL001', 'CSE Y3 A  ,  Algorithms Lab (CSE Y3)  ,  CPL001', 'CSE Y3 B  ,  Algorithms Lab (CSE Y3)  ,  CPL001', 'CSE Y3 B  ,  Algorithms Lab (CSE Y3)  ,  CPL001', 0], ['CSE Y3 A  ,  Algorithms Lab (CSE Y3)  ,  CPL002', 'CSE Y3 A  ,  Algorithms Lab (CSE Y3)  ,  CPL002', 0, 0, 0, 0, 0], [0, 0, 0, 0, 0, 0, 0], [0, 0, 0, 0, 0, 0, 0], [0, 0, 0, 0, 0, 0, 0], [0, 0, 0, 0, 0, 0, 0]]"
28,Teacher 028,"[[0, 0, 0, 0, 'CSE Y3 A  ,  Networks Lab (CSE Y3)  ,  CPL002', 'CSE Y3 A  ,  Networks Lab (CSE Y3)  ,  CPL002', 0], ['CSE Y3 B  ,  Networks Lab (CSE Y3)  ,  CPL001', 'CSE Y3 B  ,  Networks Lab (CSE Y3)  ,  CPL001', 0, 0, 0, 0, 0], [0, 0, 0, 0, 0, 0, 0], [0, 0, 0, 0, 0, 0, 0], [0, 0, 0, 0, 0, 0, 0], [0, 0, 0, 0, 0, 0, 0]]"
29,Teacher 029,"[[0, 0, 0, 'CSE Y4 B  ,  Operating Systems (CSE Y4)  ,  NLC005', 0, 0, 'CSE Y4 A  ,  Operating Systems (CSE Y4)  ,  NLC013'], [0, 0, 0, 'CSE Y4 A  ,  Operating Systems (CSE Y4)  ,  NLC011', 'CSE Y4 B  ,  Operating Systems (CSE Y4)  ,  NLC012', 0, 0], ['CSE Y4 A  ,  Operating Systems (CSE Y4)  ,  NLC010', 'CSE Y4 B  ,  Operating Systems (CSE Y4)  ,  NLC011', 0, 0, 0, 0, 'CSE Y4 B  ,  Operating Systems (CSE Y4)  ,  NLC012'], ['CSE Y4 A  ,  Operating Systems (CSE Y4)  ,  NLC009', 0, 0, 0, 0, 0, 0], [0, 0, 0, 0, 0, 0, 0], [0, 0, 0, 0, 0, 0, 0]]"
30,Teacher 030,"[[0, 0, 0, 0, 0, 0, 0], [0, 0, 0, 0, 0, 0, 0], ['CSE Y4 B  ,  Programming Fundamentals (CSE Y4)  ,  NLC011', 'CSE Y4 A  ,  Programming Fundamentals (CSE Y4)  ,  NLC010', 0, 0, 0, 0, 0], ['CSE Y4 B  ,  Programming Fundamentals (CSE Y4)  ,  NLC010', 'CSE Y4 A  ,  Programming Fundamentals (CSE Y4)  ,  NLC010', 0, 0, 0, 0, 0], [0, 0, 0, 0, 0, 0, 0], [0, 0, 0, 0, 0, 0, 0]]"
31,Teacher 031,"[['CSE Y4 A  ,  Networks Lab (CSE Y4)  ,  CPL006', 'CSE Y4 A  ,  Networks Lab (CSE Y4)  ,  CPL006', 'CSE Y4 A  ,  Networks Lab (CSE Y4)  ,  CPL005', 'CSE Y4 A  ,  Networks Lab (CSE Y4)  ,  CPL005', 'CSE Y4 B  ,  Networks Lab (CSE Y4)  ,  CPL008', 'CSE Y4 B  ,  Networks Lab (CSE Y4)  ,  CPL008', 0], [0, 0, 'CSE Y4 B  ,  Networks Lab (CSE Y4)  ,  CPL001', 'CSE Y4 B  ,  Networks Lab (CSE Y4)  ,  CPL001', 0, 0, 0], [0, 0, 0, 0, 0, 0, 0], [0, 0, 0, 0, 0, 0, 0], [0, 0, 0, 0, 0, 0, 0], [0, 0, 0, 0, 0, 0, 0]]"
32,Teacher 032,"[['CSE Y4 B  ,  Programming Lab (CSE Y4)  ,  CPL007', 'CSE Y4 B  ,  Programming Lab (CSE Y4)  ,  CPL007', 0, 0, 0, 0, 0], ['CSE Y4 A  ,  Programming Lab (CSE Y4)  ,  CPL006', 'CSE Y4 A  ,  Programming Lab (CSE Y4)  ,  CPL006', 0, 0, 0, 0, 0], [0, 0, 0, 0, 0, 0, 0], [0, 0, 0, 0, 0, 0, 0], [0, 0, 0, 0, 0, 0, 0], [0, 0, 0, 0, 0, 0, 0]]"
33,Teacher 033,"[[0, 0, 'IT Y1 B  ,  IT Fundamentals (IT Y1)  ,  NLC015', 'IT Y1 A  ,  IT Fundamentals (IT Y1)  ,  NLC016', 'IT Y1 A  ,  IT Fundamentals (IT Y1)  ,  NLC016', 'IT Y1 B  ,  IT Fundamentals (IT Y1)  ,  NLC015', 0], [0, 0, 0, 0, 0, 0, 0], [0, 0, 0, 0, 0, 0, 0], [0, 0, 0, 0, 0, 0, 0], [0, 0, 0, 0, 0, 0, 0], [0, 0, 0, 0, 0, 0, 0]]"
34,Teacher 034,"[['IT Y1 B  ,  Web Technologies (IT Y1)  ,  NLC015', 'IT Y1 A  ,  Web Technologies (IT Y1)  ,  NLC016', 'IT Y1 A  ,  Web Technologies (IT Y1)  ,  NLC016', 0, 'IT Y1 B  ,  Web Technologies (IT Y1)  ,  NLC015', 'IT Y1 A  ,  Web Technologies (IT Y1)  ,  NLC016', 0], [0, 'IT Y1 B  ,  Web Technologies (IT Y1)  ,  NLC015', 0, 0, 0, 0, 0], [0, 0, 0, 0, 0, 0, 0], [0, 0, 0, 0, 0, 0, 0], [0, 0, 0, 0, 0, 0, 0], [0, 0, 0, 0, 0, 0, 0]]"
35,Teacher 035,"[[0, 0, 0, 0, 0, 0, 0], [0, 0, 'IT Y1 B  ,  Web Technologies Lab (IT Y1)  ,  CPL007', 'IT Y1 B  ,  Web Technologies Lab (IT Y1)  ,  CPL007', 'IT Y1 B  ,  Web Technologies Lab (IT Y1)  ,  CPL005', 'IT Y1 B  ,  Web Technologies Lab (IT Y1)  ,  CPL005', 0], ['IT Y1 A  ,  Web Technologies Lab (IT Y1)  ,  CPL005', 'IT Y1 A  ,  Web Technologies Lab (IT Y1)  ,  CPL005', 0, 0, 'IT Y1 A  ,  Web Technologies Lab (IT Y1)  ,  CPL002', 'IT Y1 A  ,  Web Technologies Lab (IT Y1)  ,  CPL002', 0], [0, 0, 0, 0, 0, 0, 0], [0, 0, 0, 0, 0, 0, 0], [0, 0, 0, 0, 0, 0, 0]]"
36,Teacher 036,"[[0, 0, 0, 0, 0, 0, 0], [0, 0, 'IT Y1 A  ,  Database Lab (IT Y1)  ,  CPL008', 'IT Y1 A  ,  Database Lab (IT Y1)  ,  CPL008', 0, 0, 0], [0, 0, 'IT Y1 B  ,  Database Lab (IT Y1)  ,  CPL004', 'IT Y1 B  ,  Database Lab (IT Y1)  ,  CPL004', 0, 0, 0], [0, 0, 0, 0, 0, 0, 0], [0, 0, 0, 0, 0, 0, 0], [0, 0, 0, 0, 0, 0, 0]]"
37,Teacher 037,"[[0, 0, 0, 0, 0, 0, 0], [0, 0, 0, 0, 0, 'IT Y2 A  ,  Web Technologies (IT Y2)  ,  NLC003', 'IT Y2 B  ,  Web Technologies (IT Y2)  ,  NLC004'], [0, 0, 'IT Y2 B  ,  Web Technologies (IT Y2)  ,  NLC004', 'IT Y2 A  ,  Web Technologies (IT Y2)  ,  NLC003', 0, 0, 0], [0, 'IT Y2 A  ,  Web Technologies (IT Y2)  ,  NLC003', 'IT Y2 B  ,  Web Technologies (IT Y2)  ,  NLC004', 0, 0, 0, 0], [0, 0, 0, 0, 0, 0, 0], [0, 0, 0, 0, 0, 0, 0]]"
38,Teacher 038,"[[0, 0, 0, 0, 0, 0, 'IT Y2 B  ,  Database Systems (IT Y2)  ,  NLC004'], [0, 0, 'IT Y2 A  ,  Database Systems (IT Y2)  ,  NLC003', 0, 0, 'IT Y2 B  ,  Database Systems (IT Y2)  ,  NLC004', 'IT Y2 A  ,  Database Systems (IT Y2)  ,  NLC003'], [0, 0, 0, 0, 'IT Y2 A  ,  Database Systems (IT Y2)  ,  NLC003', 'IT Y2 B  ,  Database Systems (IT Y2)  ,  NLC004', 0], [0, 'IT Y2 B  ,  Database Systems (IT Y2)  ,  NLC004', 'IT Y2 A  ,  Database Systems (IT Y2)  ,  NLC003', 0, 0, 0, 0], [0, 0, 0, 0, 0, 0, 0], [0, 0, 0, 0, 0, 0, 0]]"
39,Teacher 039,"[['IT Y2 A  ,  Database Lab (IT Y2)  ,  CPL002', 'IT Y2 A  ,  Database Lab (IT Y2)  ,  CPL002', 'IT Y2 B  ,  Database Lab (IT Y2)  ,  CPL002', 'IT Y2 B  ,  Database Lab (IT Y2)  ,  CPL002', 'IT Y2 A  ,  Database Lab (IT Y2)  ,  CPL003', 'IT Y2 A  ,  Database Lab (IT Y2)  ,  CPL003', 0], ['IT Y2 B  ,  Database Lab (IT Y2)  ,  CPL004', 'IT Y2 B  ,  Database Lab (IT Y2)  ,  CPL004', 0, 0, 0, 0, 0], [0, 0, 0, 0, 0, 0, 0], [0, 0, 0, 0, 0, 0, 0], [0, 0, 0, 0, 0, 0, 0], [0, 0, 0, 0, 0, 0, 0]]"
40,Teacher 040,"[[0, 0, 0, 0, 'IT Y2 B  ,  Mobile App Lab (IT Y2)  ,  CPL004', 'IT Y2 B  ,  Mobile App Lab (IT Y2)  ,  CPL004', 0], ['IT Y2 A  ,  Mobile App Lab (IT Y2)  ,  CPL003', 'IT Y2 A  ,  Mobile App Lab (IT Y2)  ,  CPL003', 0, 0, 0, 0, 0], [0, 0, 0, 0, 0, 0, 0], [0, 0, 0, 0, 0, 0, 0], [0, 0, 0, 0, 0, 0, 0], [0, 0, 0, 0, 0, 0, 0]]"
41,Teacher 041,"[[0, 0, 'IT Y3 A  ,  Database Systems (IT Y3)  ,  NLC004', 'IT Y3 A  ,  Database Systems (IT Y3)  ,  NLC004', 0, 0, 'IT Y3 B  ,  Database Systems (IT Y3)  ,  NLC011'], [0, 0, 'IT Y3 B  ,  Database Systems (IT Y3)  ,  NLC009', 'IT Y3 B  ,  Database Systems (IT Y3)  ,  NLC009', 'IT Y3 A  ,  Database Systems (IT Y3)  ,  NLC010', 0, 'IT Y3 A  ,  Database Systems (IT Y3)  ,  NLC012'], [0, 'IT Y3 B  ,  Database Systems (IT Y3)  ,  NLC009', 0, 0, 0, 0, 0], [0, 0, 0, 0, 0, 0, 0], [0, 0, 0, 0, 0, 0, 0], [0, 0, 0, 0, 0, 0, 0]]"
42,Teacher 042,"[[0, 0, 0, 0, 0, 0, 'IT Y3 A  ,  Information Security (IT Y3)  ,  NLC012'], [0, 0, 0, 'IT Y3 A  ,  Information Security (IT Y3)  ,  NLC010', 0, 0, 0], ['IT Y3 B  ,  Information Security (IT Y3)  ,  NLC009', 0, 0, 0, 0, 0, 'IT Y3 B  ,  Information Security (IT Y3)  ,  NLC010'], [0, 0, 0, 0, 0, 0, 0], [0, 0, 0, 0, 0, 0, 0], [0, 0, 0, 0, 0, 0, 0]]"
43,Teacher 043,"[['IT Y3 B  ,  Mobile App Lab (IT Y3)  ,  CPL004', 'IT Y3 B  ,  Mobile App Lab (IT Y3)  ,  CPL004', 'IT Y3 B  ,  Mobile App Lab (IT Y3)  ,  CPL004', 'IT Y3 B  ,  Mobile App Lab (IT Y3)  ,  CPL004', 'IT Y3 A  ,  Mobile App Lab (IT Y3)  ,  CPL006', 'IT Y3 A  ,  Mobile App Lab (IT Y3)  ,  CPL006', 0], ['IT Y3 A  ,  Mobile App Lab (IT Y3)  ,  CPL005', 'IT Y3 A  ,  Mobile App Lab (IT Y3)  ,  CPL005', 0, 0, 0, 0, 0], [0, 0, 0, 0, 0, 0, 0], [0, 0, 0, 0, 0, 0, 0], [0, 0, 0, 0, 0, 0, 0], [0, 0, 0, 0, 0, 0, 0]]"
44,Teacher 044,"[['IT Y3 A  ,  Information Security Lab (IT Y3)  ,  CPL005', 'IT Y3 A  ,  Information Security Lab (IT Y3)  ,  CPL005', 0, 0, 'IT Y3 B  ,  Information Security Lab (IT Y3)  ,  CPL005', 'IT Y3 B  ,  Information Security Lab (IT Y3)  ,  CPL005', 0], [0, 0, 0, 0, 0, 0, 0], [0, 0, 0, 0, 0, 0, 0], [0, 0, 0, 0, 0, 0, 0], [0, 0, 0, 0, 0, 0, 0], [0, 0, 0, 0, 0, 0, 0]]"
45,Teacher 045,"[[0, 0, 'IT Y4 A  ,  Information Security (IT Y4)  ,  NLC014', 'IT Y4 B  ,  Information Security (IT Y4)  ,  NLC013', 0, 0, 0], ['IT Y4 A  ,  Information Security (IT Y4)  ,  NLC014', 0, 0, 0, 0, 0, 0], [0, 0, 0, 0, 'IT Y4 B  ,  Information Security (IT Y4)  ,  NLC018', 0, 0], [0, 0, 0, 0, 0, 0, 0], [0, 0, 0, 0, 0, 0, 0], [0, 0, 0, 0, 0, 0, 0]]"
46,Teacher 046,"[['IT Y4 A  ,  IT Fundamentals (IT Y4)  ,  NLC014', 'IT Y4 B  ,  IT Fundamentals (IT Y4)  ,  NLC013', 0, 0, 'IT Y4 A  ,  IT Fundamentals (IT Y4)  ,  NLC014', 'IT Y4 B  ,  IT Fundamentals (IT Y4)  ,  NLC013', 0], [0, 0, 0, 0, 'IT Y4 A  ,  IT Fundamentals (IT Y4)  ,  NLC018', 0, 0], [0, 0, 0, 0, 0, 'IT Y4 B  ,  IT Fundamentals (IT Y4)  ,  NLC017', 0], [0, 0, 0, 0, 0, 0, 0], [0, 0, 0, 0, 0, 0, 0], [0, 0, 0, 0, 0, 0, 0]]"
47,Teacher 047,"[[0, 0, 0, 0, 0, 0, 0], [0, 0, 'IT Y4 B  ,  Information Security Lab (IT Y4)  ,  CPL005', 'IT Y4 B  ,  Information Security Lab (IT Y4)  ,  CPL005', 'IT Y4 B  ,  Information Security Lab (IT Y4)  ,  CPL004', 'IT Y4 B  ,  Information Security Lab (IT Y4)  ,  CPL004', 0], ['IT Y4 A  ,  Information Security Lab (IT Y4)  ,  CPL004', 'IT Y4 A  ,  Information Security Lab (IT Y4)  ,  CPL004', 0, 0, 'IT Y4 A  ,  Information Security Lab (IT Y4)  ,  CPL001', 'IT Y4 A  ,  Information Security Lab (IT Y4)  ,  CPL001', 0], [0, 0, 0, 0, 0, 0, 0], [0, 0, 0, 0, 0, 0, 0], [0, 0, 0, 0, 0, 0, 0]]"
48,Teacher 048,"[[0, 0, 0, 0, 0, 0, 0], [0, 0, 'IT Y4 A  ,  Web Technologies Lab (IT Y4)  ,  CPL006', 'IT Y4 A  ,  Web Technologies Lab (IT Y4)  ,  CPL006', 0, 0, 0], [0, 0, 'IT Y4 B  ,  Web Technologies Lab (IT Y4)  ,  CPL002', 'IT Y4 B  ,  Web Technologies Lab (IT Y4)  ,  CPL002', 0, 0, 0], [0, 0, 0, 0, 0, 0, 0], [0, 0, 0, 0, 0, 0, 0], [0, 0, 0, 0, 0, 0, 0]]"
49,Teacher 049,"[[0, 0, 0, 0, 0, 0, 'ECE Y1 B  ,  Circuit Theory (ECE Y1)  ,  NLC007'], ['ECE Y1 A  ,  Circuit Theory (ECE Y1)  ,  NLC002', 0, 0, 0, 0, 0, 'ECE Y1 A  ,  Circuit Theory (ECE Y1)  ,  NLC008'], [0, 0, 0, 'ECE Y1 B  ,  Circuit Theory (ECE Y1)  ,  NLC007', 0, 0, 0], [0, 'ECE Y1 B  ,  Circuit Theory (ECE Y1)  ,  NLC007', 'ECE Y1 A  ,  Circuit Theory (ECE Y1)  ,  NLC008', 0, 0, 0, 0], [0, 0, 0, 0, 0, 0, 0], [0, 0, 0, 0, 0, 0, 0]]"
50,Teacher 050,"[[0, 'ECE Y1 A  ,  Electronic Devices (ECE Y1)  ,  NLC001', 0, 'ECE Y1 B  ,  Electronic Devices (ECE Y1)  ,  NLC001', 0, 0, 'ECE Y1 A  ,  Electronic Devices (ECE Y1)  ,  NLC008'], ['ECE Y1 B  ,  Electronic Devices (ECE Y1)  ,  NLC001', 0, 0, 0, 0, 0, 0], [0, 0, 0, 0, 'ECE Y1 B  ,  Electronic Devices (ECE Y1)  ,  NLC007', 'ECE Y1 A  ,  Electronic Devices (ECE Y1)  ,  NLC008', 0], [0, 'ECE Y1 A  ,  Electronic Devices (ECE Y1)  ,  NLC008', 'ECE Y1 B  ,  Electronic Devices (ECE Y1)  ,  NLC007', 0, 0, 0, 0], [0, 0, 0, 0, 0, 0, 0], [0, 0, 0, 0, 0, 0, 0]]"
51,Teacher 051,"[[0, 0, 0, 0, 0, 0, 0], [0, 0, 'ECE Y1 B  ,  Electronics Lab (ECE Y1)  ,  BEE001', 'ECE Y1 B  ,  Electronics Lab (ECE Y1)  ,  BEE001', 'ECE Y1 B  ,  Electronics Lab (ECE Y1)  ,  BEE001', 'ECE Y1 B  ,  Electronics Lab (ECE Y1)  ,  BEE001', 0], ['ECE Y1 A  ,  Electronics Lab (ECE Y1)  ,  BEE002', 'ECE Y1 A  ,  Electronics Lab (ECE Y1)  ,  BEE002', 'ECE Y1 A  ,  Electronics Lab (ECE Y1)  ,  BEE001', 'ECE Y1 A  ,  Electronics Lab (ECE Y1)  ,  BEE001', 0, 0, 0], [0, 0, 0, 0, 0, 0, 0], [0, 0, 0, 0, 0, 0, 0], [0, 0, 0, 0, 0, 0, 0]]"
52,Teacher 052,"[[0, 0, 0, 0, 0, 0, 0], [0, 0, 'ECE Y1 A  ,  Signal Processing Lab (ECE Y1)  ,  BEE002', 'ECE Y1 A  ,  Signal Processing Lab (ECE Y1)  ,  BEE002', 0, 0, 0], ['ECE Y1 B  ,  Signal Processing Lab (ECE Y1)  ,  BEE001', 'ECE Y1 B  ,  Signal Processing Lab (ECE Y1)  ,  BEE001', 0, 0, 0, 0, 0], [0, 0, 0, 0, 0, 0, 0], [0, 0, 0, 0, 0, 0, 0], [0, 0, 0, 0, 0, 0, 0]]"
53,Teacher 053,"[['ECE Y2 A  ,  Electronic Devices (ECE Y2)  ,  NLC010', 'ECE Y2 B  ,  Electronic Devices (ECE Y2)  ,  NLC009', 0, 0, 'ECE Y2 A  ,  Electronic Devices (ECE Y2)  ,  NLC010', 0, 0], ['ECE Y2 B  ,  Electronic Devices (ECE Y2)  ,  NLC010', 0, 0, 'ECE Y2 B  ,  Electronic Devices (ECE Y2)  ,  NLC015', 'ECE Y2 A  ,  Electronic Devices (ECE Y2)  ,  NLC017', 0, 0], ['ECE Y2 A  ,  Electronic Devices (ECE Y2)  ,  NLC018', 'ECE Y2 B  ,  Electronic Devices (ECE Y2)  ,  NLC016', 0, 0, 0, 0, 0], [0, 0, 0, 0, 0, 0, 0], [0, 0, 0, 0, 0, 0, 0], [0, 0, 0, 0, 0, 0, 0]]"
54,Teacher 054,"[[0, 0, 0, 0, 0, 0, 0], [0, 0, 0, 0, 'ECE Y2 B  ,  Signal Processing (ECE Y2)  ,  NLC016', 'ECE Y2 A  ,  Signal Processing (ECE Y2)  ,  NLC017', 0], [0, 0, 0, 0, 'ECE Y2 B  ,  Signal Processing (ECE Y2)  ,  NLC015', 'ECE Y2 A  ,  Signal Processing (ECE Y2)  ,  NLC014', 0], [0, 0, 0, 0, 0, 0, 0], [0, 0, 0, 0, 0, 0, 0], [0, 0, 0, 0, 0, 0, 0]]"
55,Teacher 055,"[[0, 0, 0, 0, 0, 0, 0], [0, 0, 0, 0, 0, 0, 0], [0, 0, 0, 0, 0, 0, 0], [0, 0, 0, 0, 0, 0, 0], [0, 0, 0, 0, 0, 0, 0], [0, 0, 0, 0, 'ECE Y2 B  ,  Signal Processing Lab (ECE Y2)  ,  BEE002', 'ECE Y2 B  ,  Signal Processing Lab (ECE Y2)  ,  BEE002', 0]]"
56,Teacher 056,"[[0, 0, 0, 0, 0, 0, 0], [0, 0, 0, 0, 0, 0, 0], [0, 0, 0, 0, 0, 0, 0], [0, 0, 0, 0, 0, 0, 0], [0, 0, 0, 0, 0, 0, 0], [0, 0, 0, 0, 0, 0, 0]]"
57,Teacher 057,"[[0, 0, 'ECE Y3 B  ,  Signal Processing (ECE Y3)  ,  NLC018', 'ECE Y3 A  ,  Signal Processing (ECE Y3)  ,  NLC017', 0, 0, 0], ['ECE Y3 B  ,  Signal Processing (ECE Y3)  ,  NLC017', 0, 'ECE Y3 A  ,  Signal Processing (ECE Y3)  ,  NLC017', 0, 0, 0, 0], [0, 0, 0, 0, 0, 0, 0], [0, 0, 0, 0, 0, 0, 0], [0, 0, 0, 0, 0, 0, 0], [0, 0, 0, 0, 0, 0, 0]]"
58,Teacher 058,"[['ECE Y3 B  ,  Communication Systems (ECE Y3)  ,  NLC018', 'ECE Y3 A  ,  Communication Systems (ECE Y3)  ,  NLC017', 0, 0, 0, 'ECE Y3 B  ,  Communication Systems (ECE Y3)  ,  NLC018', 0], ['ECE Y3 A  ,  Communication Systems (ECE Y3)  ,  NLC016', 'ECE Y3 B  ,  Communication Systems (ECE Y3)  ,  NLC017', 0, 'ECE Y3 A  ,  Communication Systems (ECE Y3)  ,  NLC017', 0, 0, 0], [0, 0, 0, 0, 0, 0, 0], [0, 0, 0, 0, 0, 0, 0], [0, 0, 0, 0, 0, 0, 0], [0, 0, 0, 0, 0, 0, 0]]"
59,Teacher 059,"[[0, 0, 0, 0, 0, 0, 0], [0, 0, 0, 0, 0, 0, 0], [0, 0, 0, 0, 0, 0, 0], [0, 0, 0, 0, 0, 0, 0], [0, 0, 0, 0, 0, 0, 0], [0, 0, 0, 0, 0, 0, 0]]"
60,Teacher 060,"[[0, 0, 0, 0, 0, 0, 0], [0, 0, 0, 0, 0, 0, 0], [0, 0, 0, 0, 0, 0, 0], [0, 0, 0, 0, 0, 0, 0], [0, 0, 0, 0, 0, 0, 0], [0, 0, 0, 0, 0, 0, 0]]"
61,Teacher 061,"[[0, 0, 0, 0, 0, 0, 0], [0, 0, 0, 0, 0, 'ECE Y4 B  ,  Communication Systems (ECE Y4)  ,  NLC005', 'ECE Y4 A  ,  Communication Systems (ECE Y4)  ,  NLC006'], [0, 0, 'ECE Y4 A  ,  Communication Systems (ECE Y4)  ,  NLC006', 'ECE Y4 B  ,  Communication Systems (ECE Y4)  ,  NLC005', 0, 0, 0], [0, 'ECE Y4 B  ,  Communication Systems (ECE Y4)  ,  NLC005', 'ECE Y4 A  ,  Communication Systems (ECE Y4)  ,  NLC006', 0, 0, 0, 0], [0, 0, 0, 0, 0, 0, 0], [0, 0, 0, 0, 0, 0, 0]]"
62,Teacher 062,"[[0, 0, 0, 0, 0, 0, 'ECE Y4 A  ,  Circuit Theory (ECE Y4)  ,  NLC006'], [0, 0, 'ECE Y4 B  ,  Circuit Theory (ECE Y4)  ,  NLC005', 0, 0, 'ECE Y4 A  ,  Circuit Theory (ECE Y4)  ,  NLC006', 'ECE Y4 B  ,  Circuit Theory (ECE Y4)  ,  NLC005'], [0, 0, 0, 0, 'ECE Y4 B  ,  Circuit Theory (ECE Y4)  ,  NLC005', 'ECE Y4 A  ,  Circuit Theory (ECE Y4)  ,  NLC006', 0], [0, 'ECE Y4 A  ,  Circuit Theory (ECE Y4)  ,  NLC006', 'ECE Y4 B  ,  Circuit Theory (ECE Y4)  ,  NLC005', 0, 0, 0, 0], [0, 0, 0, 0, 0, 0, 0], [0, 0, 0, 0, 0, 0, 0]]"
63,Teacher 063,"[['ECE Y4 B  ,  VLSI Lab (ECE Y4)  ,  BEE002', 'ECE Y4 B  ,  VLSI Lab (ECE Y4)  ,  BEE002', 'ECE Y4 A  ,  VLSI Lab (ECE Y4)  ,  BEE002', 'ECE Y4 A  ,  VLSI Lab (ECE Y4)  ,  BEE002', 'ECE Y4 B  ,  VLSI Lab (ECE Y4)  ,  BEE001', 'ECE Y4 B  ,  VLSI Lab (ECE Y4)  ,  BEE001', 0], ['ECE Y4 A  ,  VLSI Lab (ECE Y4)  ,  BEE002', 'ECE Y4 A  ,  VLSI Lab (ECE Y4)  ,  BEE002', 0, 0, 0, 0, 0], [0, 0, 0, 0, 0, 0, 0], [0, 0, 0, 0, 0, 0, 0], [0, 0, 0, 0, 0, 0, 0], [0, 0, 0, 0, 0, 0, 0]]"
64,Teacher 064,"[[0, 0, 0, 0, 'ECE Y4 A  ,  Electronics Lab (ECE Y4)  ,  BEE002', 'ECE Y4 A  ,  Electronics Lab (ECE Y4)  ,  BEE002', 0], ['ECE Y4 B  ,  Electronics Lab (ECE Y4)  ,  BEE001', 'ECE Y4 B  ,  Electronics Lab (ECE Y4)  ,  BEE001', 0, 0, 0, 0, 0], [0, 0, 0, 0, 0, 0, 0], [0, 0, 0, 0, 0, 0, 0], [0, 0, 0, 0, 0, 0, 0], [0, 0, 0, 0, 0, 0, 0]]"
65,Teacher 065,"[['EE Y1 A  ,  Circuit Analysis (EE Y1)  ,  NLC007', 'EE Y1 B  ,  Circuit Analysis (EE Y1)  ,  NLC008', 'EE Y1 A  ,  Circuit Analysis (EE Y1)  ,  NLC008', 'EE Y1 B  ,  Circuit Analysis (EE Y1)  ,  NLC009', 'EE Y1 B  ,  Circuit Analysis (EE Y1)  ,  NLC009', 'EE Y1 A  ,  Circuit Analysis (EE Y1)  ,  NLC008', 0], [0, 'EE Y1 B  ,  Circuit Analysis (EE Y1)  ,  NLC009', 0, 0, 'EE Y1 A  ,  Circuit Analysis (EE Y1)  ,  NLC015', 0, 0], [0, 0, 0, 0, 0, 0, 0], [0, 0, 0, 0, 0, 0, 0], [0, 0, 0, 0, 0, 0, 0], [0, 0, 0, 0, 0, 0, 0]]"
66,Teacher 066,"[[0, 0, 0, 0, 0, 'EE Y1 B  ,  Electrical Machines (EE Y1)  ,  NLC009', 'EE Y1 A  ,  Electrical Machines (EE Y1)  ,  NLC019'], [0, 0, 0, 0, 0, 0, 'EE Y1 A  ,  Electrical Machines (EE Y1)  ,  NLC019'], ['EE Y1 B  ,  Electrical Machines (EE Y1)  ,  NLC016', 0, 0, 0, 0, 0, 0], [0, 0, 0, 0, 0, 0, 0], [0, 0, 0, 0, 0, 0, 0], [0, 0, 0, 0, 0, 0, 0]]"
67,Teacher 067,"[[0, 0, 0, 0, 0, 0, 0], [0, 0, 0, 0, 0, 0, 0], [0, 0, 0, 0, 0, 0, 0], [0, 0, 0, 0, 0, 0, 0], [0, 0, 'EE Y1 A  ,  Machines Lab (EE Y1)  ,  BEE002', 'EE Y1 A  ,  Machines Lab (EE Y1)  ,  BEE002', 0, 0, 0], ['EE Y1 A  ,  Machines Lab (EE Y1)  ,  BEE002', 'EE Y1 A  ,  Machines Lab (EE Y1)  ,  BEE002', 'EE Y1 B  ,  Machines Lab (EE Y1)  ,  BEE002', 'EE Y1 B  ,  Machines Lab (EE Y1)  ,  BEE002', 'EE Y1 B  ,  Machines Lab (EE Y1)  ,  BEE001', 'EE Y1 B  ,  Machines Lab (EE Y1)  ,  BEE001', 0]]"
68,Teacher 068,"[[0, 0, 0, 0, 0, 0, 0], [0, 0, 0, 0, 0, 0, 0], [0, 0, 0, 0, 0, 0, 0], [0, 0, 0, 0, 0, 0, 0], [0, 0, 0, 0, 0, 0, 0], [0, 0, 'EE Y1 A  ,  Power Systems Lab (EE Y1)  ,  BEE001', 'EE Y1 A  ,  Power Systems Lab (EE Y1)  ,  BEE001', 0, 0, 0]]"
69,Teacher 069,"[[0, 0, 'EE Y2 B  ,  Electrical Machines (EE Y2)  ,  NLC019', 'EE Y2 A  ,  Electrical Machines (EE Y2)  ,  NLC020', 'EE Y2 A  ,  Electrical Machines (EE Y2)  ,  NLC020', 0, 0], [0, 'EE Y2 B  ,  Electrical Machines (EE Y2)  ,  NLC018', 0, 0, 0, 0, 0], [0, 0, 0, 0, 0, 0, 0], [0, 0, 0, 0, 0, 0, 0], [0, 0, 0, 0, 0, 0, 0], [0, 0, 0, 0, 0, 0, 0]]"
70,Teacher 070,"[['EE Y2 B  ,  Power Systems (EE Y2)  ,  NLC019', 'EE Y2 A  ,  Power Systems (EE Y2)  ,  NLC020', 'EE Y2 A  ,  Power Systems (EE Y2)  ,  NLC020', 'EE Y2 B  ,  Power Systems (EE Y2)  ,  NLC019', 0, 'EE Y2 A  ,  Power Systems (EE Y2)  ,  NLC020', 0], [0, 0, 'EE Y2 B  ,  Power Systems (EE Y2)  ,  NLC019', 0, 0, 0, 0], [0, 0, 0, 0, 0, 0, 0], [0, 0, 0, 0, 0, 0, 0], [0, 0, 0, 0, 0, 0, 0], [0, 0, 0, 0, 0, 0, 0]]"
71,Teacher 071,"[[0, 0, 0, 0, 0, 0, 0], [0, 0, 0, 0, 0, 0, 0], [0, 0, 0, 0, 0, 0, 0], [0, 0, 0, 0, 0, 0, 0], [0, 0, 0, 0, 0, 0, 0], [0, 0, 0, 0, 0, 0, 0]]"
72,Teacher 072,"[[0, 0, 0, 0, 0, 0, 0], [0, 0, 0, 0, 0, 0, 0], [0, 0, 0, 0, 0, 0, 0], [0, 0, 0, 0, 0, 0, 0], [0, 0, 0, 0, 0, 0, 0], [0, 0, 0, 0, 0, 0, 0]]"
73,Teacher 073,"[[0, 0, 0, 0, 'EE Y3 B  ,  Power Systems (EE Y3)  ,  NLC003', 'EE Y3 A  ,  Power Systems (EE Y3)  ,  NLC004', 0], [0, 'EE Y3 A  ,  Power Systems (EE Y3)  ,  NLC004', 'EE Y3 B  ,  Power Systems (EE Y3)  ,  NLC007', 0, 'EE Y3 A  ,  Power Systems (EE Y3)  ,  NLC008', 0, 0], [0, 'EE Y3 B  ,  Power Systems (EE Y3)  ,  NLC007', 0, 0, 0, 0, 0], [0, 0, 0, 0, 0, 0, 0], [0, 0, 0, 0, 0, 0, 0], [0, 0, 0, 0, 0, 0, 0]]"
74,Teacher 074,"[['EE Y3 A  ,  Control Systems (EE Y3)  ,  NLC003', 'EE Y3 B  ,  Control Systems (EE Y3)  ,  NLC002', 0, 0, 'EE Y3 A  ,  Control Systems (EE Y3)  ,  NLC004', 'EE Y3 B  ,  Control Systems (EE Y3)  ,  NLC003', 0], [0, 0, 'EE Y3 A  ,  Control Systems (EE Y3)  ,  NLC008', 'EE Y3 B  ,  Control Systems (EE Y3)  ,  NLC007', 0, 0, 0], ['EE Y3 A  ,  Control Systems (EE Y3)  ,  NLC008', 0, 0, 0, 0, 0, 'EE Y3 B  ,  Control Systems (EE Y3)  ,  NLC009'], [0, 0, 0, 0, 0, 0, 0], [0, 0, 0, 0, 0, 0, 0], [0, 0, 0, 0, 0, 0, 0]]"
75,Teacher 075,"[[0, 0, 0, 0, 0, 0, 0], [0, 0, 0, 0, 'EE Y3 B  ,  Control Systems Lab (EE Y3)  ,  BEE002', 'EE Y3 B  ,  Control Systems Lab (EE Y3)  ,  BEE002', 0], [0, 0, 0, 0, 'EE Y3 B  ,  Control Systems Lab (EE Y3)  ,  BEE001', 'EE Y3 B  ,  Control Systems Lab (EE Y3)  ,  BEE001', 0], ['EE Y3 A  ,  Control Systems Lab (EE Y3)  ,  BEE002', 'EE Y3 A  ,  Control Systems Lab (EE Y3)  ,  BEE002', 'EE Y3 A  ,  Control Systems Lab (EE Y3)  ,  BEE001', 'EE Y3 A  ,  Control Systems Lab (EE Y3)  ,  BEE001', 0, 0, 0], [0, 0, 0, 0, 0, 0, 0], [0, 0, 0, 0, 0, 0, 0]]"
76,Teacher 076,"[[0, 0, 0, 0, 0, 0, 0], [0, 0, 0, 0, 0, 0, 0], [0, 0, 0, 0, 0, 0, 0], ['EE Y3 B  ,  Drives Lab (EE Y3)  ,  BEE001', 'EE Y3 B  ,  Drives Lab (EE Y3)  ,  BEE001', 0, 0, 'EE Y3 A  ,  Drives Lab (EE Y3)  ,  BEE001', 'EE Y3 A  ,  Drives Lab (EE Y3)  ,  BEE001', 0], [0, 0, 0, 0, 0, 0, 0], [0, 0, 0, 0, 0, 0, 0]]"
77,Teacher 077,"[['EE Y4 B  ,  Control Systems (EE Y4)  ,  NLC006', 'EE Y4 A  ,  Control Systems (EE Y4)  ,  NLC005', 'EE Y4 B  ,  Control Systems (EE Y4)  ,  NLC007', 0, 'EE Y4 A  ,  Control Systems (EE Y4)  ,  NLC006', 0, 'EE Y4 B  ,  Control Systems (EE Y4)  ,  NLC018'], [0, 'EE Y4 A  ,  Control Systems (EE Y4)  ,  NLC006', 0, 0, 0, 0, 'EE Y4 B  ,  Control Systems (EE Y4)  ,  NLC018'], ['EE Y4 A  ,  Control Systems (EE Y4)  ,  NLC014', 0, 0, 0, 0, 0, 0], [0, 0, 0, 0, 0, 0, 0], [0, 0, 0, 0, 0, 0, 0], [0, 0, 0, 0, 0, 0, 0]]"
78,Teacher 078,"[[0, 0, 0, 0, 0, 0, 0], [0, 0, 'EE Y4 B  ,  Circuit Analysis (EE Y4)  ,  NLC013', 0, 'EE Y4 A  ,  Circuit Analysis (EE Y4)  ,  NLC014', 0, 0], ['EE Y4 B  ,  Circuit Analysis (EE Y4)  ,  NLC015', 'EE Y4 A  ,  Circuit Analysis (EE Y4)  ,  NLC014', 0, 0, 0, 0, 0], [0, 0, 0, 0, 0, 0, 0], [0, 0, 0, 0, 0, 0, 0], [0, 0, 0, 0, 0, 0, 0]]"
79,Teacher 079,"[[0, 0, 0, 0, 0, 0, 0], [0, 0, 0, 0, 0, 0, 0], [0, 0, 0, 0, 0, 0, 0], [0, 0, 0, 0, 0, 0, 0], ['EE Y4 A  ,  Drives Lab (EE Y4)  ,  BEE001', 'EE Y4 A  ,  Drives Lab (EE Y4)  ,  BEE001', 'EE Y4 A  ,  Drives Lab (EE Y4)  ,  BEE001', 'EE Y4 A  ,  Drives Lab (EE Y4)  ,  BEE001', 'EE Y4 B  ,  Drives Lab (EE Y4)  ,  BEE002', 'EE Y4 B  ,  Drives Lab (EE Y4)  ,  BEE002', 0], ['EE Y4 B  ,  Drives Lab (EE Y4)  ,  BEE001', 'EE Y4 B  ,  Drives Lab (EE Y4)  ,  BEE001', 0, 0, 0, 0, 0]]"
80,Teacher 080,"[[0, 0, 0, 0, 0, 0, 0], [0, 0, 0, 0, 0, 0, 0], [0, 0, 0, 0, 0, 0, 0], [0, 0, 0, 0, 0, 0, 0], ['EE Y4 B  ,  Machines Lab (EE Y4)  ,  BEE002', 'EE Y4 B  ,  Machines Lab (EE Y4)  ,  BEE002', 0, 0, 'EE Y4 A  ,  Machines Lab (EE Y4)  ,  BEE001', 'EE Y4 A  ,  Machines Lab (EE Y4)  ,  BEE001', 0], [0, 0, 0, 0, 0, 0, 0]]"
81,Teacher 081,"[[0, 0, 0, 0, 0, 0, 0], [0, 0, 0, 0, 0, 0, 0], [0, 0, 0, 0, 0, 0, 0], [0, 0, 0, 0, 0, 0, 0], [0, 0, 0, 0, 0, 0, 0], [0, 0, 0, 0, 0, 0, 0]]"
82,Teacher 082,"[[0, 0, 0, 0, 0, 0, 0], [0, 0, 0, 0, 0, 0, 0], [0, 0, 0, 0, 0, 0, 0], [0, 0, 0, 0, 0, 0, 0], [0, 0, 0, 0, 0, 0, 0], [0, 0, 0, 0, 0, 0, 0]]"
83,Teacher 083,"[[0, 0, 0, 0, 0, 0, 0], [0, 0, 0, 0, 0, 0, 0], [0, 0, 0, 0, 0, 0, 0], [0, 0, 0, 0, 0, 0, 0], [0, 0, 0, 0, 0, 0, 0], [0, 0, 0, 0, 0, 0, 0]]"
84,Teacher 084,"[[0, 0, 0, 0, 0, 0, 0], [0, 0, 0, 0, 0, 0, 0], [0, 0, 0, 0, 0, 0, 0], [0, 0, 0, 0, 0, 0, 0], [0, 0, 0, 0, 0, 0, 0], [0, 0, 0, 0, 0, 0, 0]]"
85,Teacher 085,"[[0, 0, 0, 0, 0, 0, 0], [0, 0, 0, 0, 0, 0, 0], [0, 0, 0, 0, 0, 0, 0], [0, 0, 0, 0, 0, 0, 0], [0, 0, 0, 0, 0, 0, 0], [0, 0, 0, 0, 0, 0, 0]]"
86,Teacher 086,"[[0, 0, 0, 0, 0, 0, 0], [0, 0, 0, 0, 0, 0, 0], [0, 0, 0, 0, 0, 0, 0], [0, 0, 0, 0, 0, 0, 0], [0, 0, 0, 0, 0, 0, 0], [0, 0, 0, 0, 0, 0, 0]]"
87,Teacher 087,"[[0, 0, 0, 0, 0, 0, 0], [0, 0, 0, 0, 0, 0, 0], [0, 0, 0, 0, 0, 0, 0], [0, 0, 0, 0, 0, 0, 0], [0, 0, 0, 0, 0, 0, 0], [0, 0, 0, 0, 0, 0, 0]]"
88,Teacher 088,"[[0, 0, 0, 0, 0, 0, 0], [0, 0, 0, 0, 0, 0, 0], [0, 0, 0, 0, 0, 0, 0], [0, 0, 0, 0, 0, 0, 0], [0, 0, 0, 0, 0, 0, 0], [0, 0, 0, 0, 0, 0, 0]]"
89,Teacher 089,"[[0, 0, 0, 0, 0, 0, 0], [0, 0, 0, 0, 0, 0, 0], [0, 0, 0, 0, 0, 0, 0], [0, 0, 0, 0, 0, 0, 0], [0, 0, 0, 0, 0, 0, 0], [0, 0, 0, 0, 0, 0, 0]]"
90,Teacher 090,"[[0, 0, 0, 0, 0, 0, 0], [0, 0, 0, 0, 0, 0, 0], [0, 0, 0, 0, 0, 0, 0], [0, 0, 0, 0, 0, 0, 0], [0, 0, 0, 0, 0, 0, 0], [0, 0, 0, 0, 0, 0, 0]]"
91,Teacher 091,"[[0, 0, 0, 0, 0, 0, 0], [0, 0, 0, 0, 0, 0, 0], [0, 0, 0, 0, 0, 0, 0], [0, 0, 0, 0, 0, 0, 0], [0, 0, 0, 0, 0, 0, 0], [0, 0, 0, 0, 0, 0, 0]]"
92,Teacher 092,"[[0, 0, 0, 0, 0, 0, 0], [0, 0, 0, 0, 0, 0, 0], [0, 0, 0, 0, 0, 0, 0], [0, 0, 0, 0, 0, 0, 0], [0, 0, 0, 0, 0, 0, 0], [0, 0, 0, 0, 0, 0, 0]]"
93,Teacher 093,"[[0, 0, 0, 0, 0, 0, 0], [0, 0, 0, 0, 0, 0, 0], [0, 0, 0, 0, 0, 0, 0], [0, 0, 0, 0, 0, 0, 0], [0, 0, 0, 0, 0, 0, 0], [0, 0, 0, 0, 0, 0, 0]]"
94,Teacher 094,"[[0, 0, 0, 0, 0, 0, 0], [0, 0, 0, 0, 0, 0, 0], [0, 0, 0, 0, 0, 0, 0], [0, 0, 0, 0, 0, 0, 0], [0, 0, 0, 0, 0, 0, 0], [0, 0, 0, 0, 0, 0, 0]]"
95,Teacher 095,"[[0, 0, 0, 0, 0, 0, 0], [0, 0, 0, 0, 0, 0, 0], [0, 0, 0, 0, 0, 0, 0], [0, 0, 0, 0, 0, 0, 0], [0, 0, 0, 0, 0, 0, 0], [0, 0, 0, 0, 0, 0, 0]]"
96,Teacher 096,"[[0, 0, 0, 0, 0, 0, 0], [0, 0, 0, 0, 0, 0, 0], [0, 0, 0, 0, 0, 0, 0], [0, 0, 0, 0, 0, 0, 0], [0, 0, 0, 0, 0, 0, 0], [0, 0, 0, 0, 0, 0, 0]]"
97,Teacher 097,"[[0, 0, 0, 0, 0, 0, 0], [0, 0, 0, 0, 0, 0, 0], [0, 0, 0, 0, 0, 0, 0], [0, 0, 0, 0, 0, 0, 0], [0, 0, 0, 0, 0, 0, 0], [0, 0, 0, 0, 0, 0, 0]]"
98,Teacher 098,"[[0, 0, 0, 0, 0, 0, 0], [0, 0, 0, 0, 0, 0, 0], [0, 0, 0, 0, 0, 0, 0], [0, 0, 0, 0, 0, 0, 0], [0, 0, 0, 0, 0, 0, 0], [0, 0, 0, 0, 0, 0, 0]]"
99,Teacher 099,"[[0, 0, 0, 0, 0, 0, 0], [0, 0, 0, 0, 0, 0, 0], [0, 0, 0, 0, 0, 0, 0], [0, 0, 0, 0, 0, 0, 0], [0, 0, 0, 0, 0, 0, 0], [0, 0, 0, 0, 0, 0, 0]]"
100,Teacher 100,"[[0, 0, 0, 0, 0, 0, 0], [0, 0, 0, 0, 0, 0, 0], [0, 0, 0, 0, 0, 0, 0], [0, 0, 0, 0, 0, 0, 0], [0, 0, 0, 0, 0, 0, 0], [0, 0, 0, 0, 0, 0, 0]]"
